SN,Date,Open,High,Low,LTP,CHANGE,Volume,Adjusted_Close
1,2024-02-22,"1,348.00","1,353.90","1,316.10","1,337.50",-0.04,"2,385.00","3,162,052.70"
2,2024-02-21,"1,315.20","1,346.50","1,315.20","1,338.00",1.36,"1,059.00","1,413,347.00"
3,2024-02-20,"1,359.00","1,360.00","1,318.00","1,320.10",-1.78,"4,436.00","5,920,718.00"
4,2024-02-18,"1,353.00","1,360.00","1,323.00","1,344.00",-1.39,"5,630.00","7,543,966.40"
5,2024-02-15,"1,363.10","1,374.90","1,360.00","1,363.00",-0.51,"3,416.00","4,663,693.20"
6,2024-02-14,"1,388.00","1,389.00","1,367.00","1,370.00",-1.29,"1,090.00","1,494,014.20"
7,2024-02-13,"1,400.00","1,400.00","1,370.00","1,387.90",-0.15,"2,509.00","3,452,195.10"
8,2024-02-12,"1,387.00","1,395.00","1,379.00","1,390.00",0.00,"4,375.00","6,048,432.50"
9,2024-02-11,"1,390.00","1,398.00","1,390.00","1,390.00",0.00,"2,879.00","4,013,384.40"
10,2024-02-08,"1,407.00","1,407.00","1,386.00","1,390.00",-0.61,"1,503.00","2,091,525.00"
11,2024-02-07,"1,417.80","1,499.00","1,387.00","1,398.50",0.61,"1,139.00","1,592,181.00"
12,2024-02-06,"1,413.00","1,413.00","1,390.00","1,390.00",-0.50,"1,211.00","1,686,100.40"
13,2024-02-05,"1,388.00","1,397.00","1,378.00","1,397.00",0.87,610.00,"846,017.00"
14,2024-02-04,"1,382.00","1,405.00","1,379.00","1,385.00",0.22,867.00,"1,198,650.00"
15,2024-02-01,"1,400.00","1,400.00","1,382.00","1,382.00",-1.53,"3,045.00","4,225,754.40"
16,2024-01-31,"1,401.00","1,414.00","1,396.30","1,403.50",0.16,"3,705.00","5,199,177.50"
17,2024-01-30,"1,414.00","1,414.00","1,400.10","1,401.30",-0.55,"3,084.00","4,336,089.20"
18,2024-01-29,"1,405.00","1,425.00","1,400.00","1,409.00",0.50,"3,088.00","4,340,731.30"
19,2024-01-28,"1,416.80","1,416.80","1,392.00","1,402.00",0.93,"2,426.00","3,395,920.50"
20,2024-01-25,"1,400.00","1,414.00","1,388.60","1,389.10",-0.14,"2,418.00","3,365,832.20"
21,2024-01-24,"1,387.20","1,397.00","1,387.20","1,391.00",0.07,"1,607.00","2,233,332.70"
22,2024-01-23,"1,395.00","1,399.00","1,390.00","1,390.00",-0.27,"3,242.00","4,516,929.50"
23,2024-01-22,"1,415.00","1,415.00","1,393.00","1,393.80",-1.43,"4,115.00","5,763,416.00"
24,2024-01-21,"1,426.00","1,426.00","1,403.00","1,414.00",-0.70,"4,082.00","5,757,649.10"
25,2024-01-18,"1,412.10","1,430.00","1,410.00","1,424.00",0.21,886.00,"1,255,098.00"
26,2024-01-17,"1,445.00","1,465.00","1,411.20","1,421.00",-1.32,"6,869.00","9,952,344.80"
27,2024-01-16,"1,425.00","1,442.00","1,409.00","1,440.00",1.05,"4,189.00","5,974,677.00"
28,2024-01-14,"1,392.00","1,440.00","1,392.00","1,425.00",2.40,"3,901.00","5,500,040.80"
29,2024-01-11,"1,439.00","1,439.00","1,391.60","1,391.60",-1.65,"2,414.00","3,389,724.00"
30,2024-01-10,"1,440.00","1,445.00","1,395.00","1,415.00",0.00,"2,219.00","3,138,483.50"
31,2024-01-09,"1,420.10","1,440.00","1,415.00","1,415.00",-0.35,"6,273.00","8,939,984.00"
32,2024-01-08,"1,391.00","1,424.90","1,391.00","1,420.00",1.50,"3,867.00","5,449,082.50"
33,2024-01-07,"1,400.00","1,400.00","1,387.00","1,399.00",-0.07,"4,148.00","5,764,343.50"
34,2024-01-04,"1,456.50","1,456.50","1,381.20","1,400.00",-1.96,"4,717.00","6,579,522.00"
35,2024-01-03,"1,454.00","1,454.00","1,390.00","1,428.00",0.07,"3,006.00","4,212,268.00"
36,2024-01-02,"1,417.10","1,428.00","1,372.00","1,427.00",-0.56,"5,124.00","7,192,326.20"
37,2024-01-01,"1,479.00","1,485.00","1,432.20","1,435.00",-1.03,"3,837.00","5,544,273.80"
38,2023-12-28,"1,462.00","1,477.00","1,450.00","1,450.00",-1.69,"9,900.00","14,463,502.00"
39,2023-12-27,"1,490.00","1,510.00","1,475.00","1,475.00",-1.34,"7,370.00","11,001,493.60"
40,2023-12-24,"1,456.00","1,572.80","1,451.00","1,495.00",0.81,"13,745.00","20,464,443.00"
41,2023-12-21,"1,486.20","1,495.00","1,464.20","1,483.00",-1.72,"1,438.00","2,126,959.00"
42,2023-12-20,"1,510.00","1,560.00","1,498.20","1,509.00",1.90,"9,856.00","14,966,929.20"
43,2023-12-19,"1,485.00","1,489.00","1,451.00","1,480.90",0.20,"4,601.00","6,761,562.40"
44,2023-12-18,"1,506.90","1,506.90","1,451.00","1,478.00",-0.03,"6,153.00","9,112,008.70"
45,2023-12-17,"1,426.00","1,494.00","1,400.00","1,478.50",2.67,"4,404.00","6,367,220.90"
46,2023-12-14,"1,445.50","1,447.90","1,425.10","1,440.00",-0.38,"4,578.00","6,596,828.50"
47,2023-12-13,"1,470.00","1,477.00","1,441.00","1,445.50",-1.67,"3,032.00","4,427,375.20"
48,2023-12-12,"1,460.00","1,470.00","1,436.90","1,470.00",1.38,"4,623.00","6,747,089.40"
49,2023-12-11,"1,509.60","1,509.60","1,429.90","1,450.00",-2.03,"6,041.00","8,729,502.40"
50,2023-12-10,"1,400.00","1,480.00","1,395.00","1,480.00",6.09,"3,102.00","4,334,517.80"
51,2023-12-07,"1,399.00","1,405.00","1,376.00","1,395.00",-0.36,"1,497.00","2,072,616.00"
52,2023-12-06,"1,395.00","1,400.00","1,388.00","1,400.00",0.01,"1,248.00","1,740,177.50"
53,2023-12-05,"1,388.00","1,405.00","1,386.00","1,399.90",0.86,"1,685.00","2,350,447.60"
54,2023-12-04,"1,363.00","1,400.00","1,363.00","1,388.00",0.01,"3,999.00","5,558,286.50"
55,2023-12-03,"1,382.00","1,388.00","1,361.10","1,387.90",-1.22,935.00,"1,289,190.00"
56,2023-11-30,"1,392.00","1,405.00","1,363.80","1,405.00",-1.06,"1,949.00","2,687,532.40"
57,2023-11-29,"1,410.00","1,420.00","1,397.00","1,420.00",0.71,"3,035.00","4,260,582.00"
58,2023-11-28,"1,370.00","1,415.00","1,365.10","1,410.00",1.66,"1,319.00","1,840,461.00"
59,2023-11-27,"1,414.00","1,414.70","1,387.00","1,387.00",0.00,"1,267.00","1,760,275.30"
60,2023-11-26,"1,356.00","1,400.00","1,350.00","1,387.00",2.36,"2,747.00","3,796,278.40"
61,2023-11-23,"1,315.00","1,356.00","1,315.00","1,355.00",3.91,"2,100.00","2,822,409.00"
62,2023-11-22,"1,290.00","1,326.00","1,290.00","1,304.00",-0.08,402.00,"525,952.50"
63,2023-11-21,"1,325.00","1,325.00","1,295.00","1,305.00",0.00,931.00,"1,213,401.00"
64,2023-11-20,"1,315.00","1,341.30","1,305.00","1,305.00",-0.76,"1,260.00","1,650,381.50"
65,2023-11-09,"1,336.00","1,336.10","1,315.00","1,315.00",-1.50,"3,734.00","4,984,786.50"
66,2023-11-08,"1,350.00","1,350.00","1,322.00","1,335.00",0.38,83.00,"110,566.00"
67,2023-11-07,"1,330.00","1,340.00","1,325.00","1,330.00",0.15,"2,858.00","3,802,006.00"
68,2023-11-06,"1,317.00","1,328.00","1,300.00","1,328.00",1.07,"1,695.00","2,222,760.00"
69,2023-11-05,"1,299.10","1,324.00","1,290.00","1,314.00",0.38,570.00,"739,681.40"
70,2023-11-02,"1,322.90","1,336.20","1,300.00","1,309.00",0.85,"2,733.00","3,587,377.00"
71,2023-11-01,"1,319.00","1,331.00","1,296.00","1,298.00",-0.92,"1,591.00","2,090,974.00"
72,2023-10-31,"1,331.90","1,331.90","1,310.10","1,310.10",-1.64,371.00,"491,787.00"
73,2023-10-30,"1,325.00","1,333.00","1,321.00","1,331.90",0.52,160.00,"212,545.00"
74,2023-10-29,"1,327.00","1,327.00","1,311.00","1,325.00",-1.78,"1,738.00","2,294,095.00"
75,2023-10-19,"1,347.00","1,355.00","1,335.00","1,349.00",1.05,300.00,"403,060.00"
76,2023-10-18,"1,338.90","1,340.00","1,330.00","1,335.00",1.31,"1,800.00","2,406,443.50"
77,2023-10-17,"1,325.00","1,328.00","1,291.10","1,317.80",0.67,"2,972.00","3,876,972.90"
78,2023-10-16,"1,295.00","1,314.00","1,295.00","1,309.00",-0.08,"3,462.00","4,502,388.00"
79,2023-10-12,"1,312.00","1,316.00","1,301.10","1,310.00",-0.76,"6,621.00","8,669,004.40"
80,2023-10-11,"1,314.00","1,335.00","1,310.00","1,320.00",-0.08,"3,190.00","4,205,985.40"
81,2023-10-10,"1,317.00","1,327.00","1,312.00","1,321.00",-0.45,"1,220.00","1,606,435.00"
82,2023-10-09,"1,323.10","1,345.00","1,320.00","1,327.00",-1.70,"4,694.00","6,224,890.00"
83,2023-10-08,"1,385.00","1,385.00","1,330.10","1,350.00",-2.17,"7,821.00","10,541,527.00"
84,2023-10-05,"1,381.50","1,397.00","1,380.00","1,380.00",-0.07,"2,670.00","3,685,885.00"
85,2023-10-04,"1,399.80","1,400.00","1,374.00","1,381.00",0.07,816.00,"1,126,609.00"
86,2023-10-03,"1,373.00","1,390.00","1,373.00","1,380.00",-0.64,914.00,"1,256,579.20"
87,2023-10-02,"1,379.10","1,399.00","1,370.00","1,388.90",-0.36,"2,786.00","3,850,665.20"
88,2023-10-01,"1,386.50","1,400.00","1,385.00","1,393.90",-1.22,"2,371.00","3,292,921.00"
89,2023-09-27,"1,415.00","1,430.00","1,405.00","1,411.10",0.01,"2,246.00","3,178,048.50"
90,2023-09-26,"1,420.00","1,420.00","1,410.00","1,411.00",0.36,"1,375.00","1,941,915.90"
91,2023-09-25,"1,425.00","1,428.00","1,406.00","1,406.00",-1.33,"1,950.00","2,751,729.00"
92,2023-09-24,"1,415.10","1,440.00","1,415.00","1,425.00",-1.04,"2,352.00","3,371,614.80"
93,2023-09-21,"1,428.00","1,440.00","1,409.00","1,440.00",2.86,"4,189.00","5,963,371.70"
94,2023-09-19,"1,396.00","1,410.00","1,396.00","1,400.00",0.29,"1,581.00","2,218,890.00"
95,2023-09-18,"1,380.00","1,406.00","1,370.80","1,396.00",0.36,"2,042.00","2,846,476.40"
96,2023-09-17,"1,415.00","1,415.00","1,390.20","1,391.00",-2.25,"2,981.00","4,173,779.10"
97,2023-09-13,"1,410.00","1,425.00","1,410.00","1,423.00",0.92,"1,798.00","2,545,385.00"
98,2023-09-12,"1,416.10","1,427.00","1,389.00","1,410.00",-2.42,"8,575.00","12,036,477.60"
99,2023-09-11,"1,425.20","1,448.00","1,425.20","1,445.00",1.12,"3,815.00","5,499,165.00"
100,2023-09-10,"1,432.00","1,432.00","1,405.00","1,429.00",1.35,"3,017.00","4,285,093.00"
101,2023-09-07,"1,405.00","1,411.00","1,387.00","1,410.00",-0.70,"3,379.00","4,724,343.50"
102,2023-09-05,"1,412.00","1,420.00","1,406.00","1,420.00",0.57,"1,385.00","1,957,750.90"
103,2023-09-04,"1,420.00","1,420.00","1,393.00","1,412.00",0.84,"3,531.00","4,950,852.40"
104,2023-09-03,"1,449.00","1,449.00","1,400.30","1,400.30",-2.55,"7,608.00","10,967,803.30"
105,2023-08-30,"1,447.70","1,447.70","1,420.00","1,437.00",-0.21,"1,136.00","1,630,936.50"
106,2023-08-29,"1,440.00","1,440.00","1,430.00","1,440.00",0.01,"1,104.00","1,586,488.90"
107,2023-08-28,"1,408.00","1,442.00","1,408.00","1,439.90",2.12,"2,166.00","3,109,405.20"
108,2023-08-27,"1,437.00","1,437.00","1,409.00","1,410.00",-1.88,"4,544.00","6,449,884.20"
109,2023-08-24,"1,493.00","1,498.00","1,430.00","1,437.00",-2.97,"3,762.00","5,496,782.00"
110,2023-08-23,"1,435.10","1,481.00","1,410.00","1,481.00",5.26,"2,839.00","4,151,340.40"
111,2023-08-22,"1,432.00","1,432.00","1,394.00","1,407.00",0.21,"4,173.00","5,886,895.20"
112,2023-08-21,"1,435.00","1,455.00","1,403.40","1,404.00",-2.16,"4,339.00","6,172,017.00"
113,2023-08-20,"1,451.20","1,461.00","1,435.00","1,435.00",-2.71,"2,336.00","3,382,688.10"
114,2023-08-17,"1,451.00","1,487.60","1,451.00","1,475.00",1.12,"1,302.00","1,909,743.70"
115,2023-08-16,"1,483.00","1,483.00","1,422.10","1,458.70",0.19,"3,508.00","5,035,077.20"
116,2023-08-15,"1,477.00","1,490.00","1,452.00","1,456.00",-2.73,"3,973.00","5,809,225.90"
117,2023-08-14,"1,515.00","1,515.00","1,481.00","1,496.90",0.26,"3,661.00","5,464,521.70"
118,2023-08-13,"1,491.00","1,520.80","1,481.00","1,493.00",-1.52,"4,559.00","6,855,136.50"
119,2023-08-10,"1,460.00","1,516.00","1,440.00","1,516.00",1.95,"8,018.00","11,844,984.20"
120,2023-08-09,"1,415.00","1,522.00","1,390.00","1,487.00",5.09,"4,492.00","6,410,498.00"
121,2023-08-08,"1,428.00","1,428.00","1,405.30","1,415.00",-1.32,"1,772.00","2,499,612.20"
122,2023-08-07,"1,408.00","1,438.00","1,408.00","1,433.90",1.70,"3,585.00","5,091,483.00"
123,2023-08-06,"1,449.00","1,449.90","1,390.00","1,409.90",-2.36,"8,067.00","11,353,942.50"
124,2023-08-03,"1,449.00","1,455.00","1,420.10","1,444.00",1.62,"2,659.00","3,832,059.10"
125,2023-08-02,"1,401.30","1,453.00","1,395.00","1,421.00",-0.42,"11,398.00","16,048,422.10"
126,2023-08-01,"1,499.00","1,499.00","1,400.00","1,427.00",-2.93,"6,154.00","8,816,608.50"
127,2023-07-31,"1,470.00","1,509.00","1,440.00","1,470.00",-1.28,"8,485.00","12,405,592.50"
128,2023-07-30,"1,501.10","1,515.80","1,463.10","1,489.00",-1.91,"16,330.00","24,222,108.50"
129,2023-07-27,"1,561.00","1,561.00","1,510.00","1,518.00",-2.75,"7,037.00","10,722,141.00"
130,2023-07-26,"1,550.10","1,570.00","1,531.00","1,561.00",0.71,"4,650.00","7,142,633.50"
131,2023-07-25,"1,577.90","1,581.00","1,541.00","1,550.00",-0.06,"2,746.00","4,280,446.30"
132,2023-07-24,"1,590.00","1,653.00","1,550.10","1,551.00",-1.53,"14,278.00","22,372,044.50"
133,2023-07-23,"1,562.00","1,608.00","1,562.00","1,575.10",-0.31,"7,183.00","11,381,502.50"
134,2023-07-20,"1,568.50","1,585.00","1,568.50","1,580.00",-0.63,"2,755.00","4,350,120.00"
135,2023-07-19,"1,621.00","1,653.00","1,528.00","1,590.00",0.00,"15,408.00","24,730,650.20"
136,2023-07-18,"1,630.00","1,655.00","1,580.00","1,590.00",-0.56,"5,640.00","9,044,592.10"
137,2023-07-17,"1,527.00","1,630.00","1,527.00","1,599.00",2.83,"2,870.00","4,541,058.00"
138,2023-07-16,"1,545.10","1,569.90","1,538.00","1,555.00",-0.70,"4,938.00","7,667,750.50"
139,2023-07-13,"1,615.00","1,615.00","1,565.00","1,566.00",-2.31,"6,396.00","10,127,536.10"
140,2023-07-12,"1,586.10","1,625.00","1,586.10","1,603.00",0.31,"9,237.00","14,794,042.40"
141,2023-07-11,"1,570.00","1,598.00","1,570.00","1,598.00",-0.13,"7,470.00","11,865,365.50"
142,2023-07-10,"1,629.00","1,640.00","1,585.70","1,600.00",-0.74,"10,977.00","17,677,770.50"
143,2023-07-09,"1,637.10","1,643.00","1,590.50","1,612.00",0.44,"13,388.00","21,603,890.50"
144,2023-07-06,"1,570.20","1,619.00","1,570.20","1,605.00",1.58,"11,402.00","18,040,106.40"
145,2023-07-05,"1,670.00","1,670.00","1,580.00","1,580.00",-4.53,"26,486.00","42,445,018.40"
146,2023-07-04,"1,671.00","1,671.00","1,592.00","1,655.00",0.92,"9,726.00","15,725,685.50"
147,2023-07-03,"1,625.00","1,679.00","1,600.00","1,639.90",-0.49,"14,000.00","23,009,291.00"
148,2023-07-02,"1,642.00","1,688.00","1,642.00","1,648.00",-1.02,"24,615.00","40,774,176.50"
149,2023-06-28,"1,676.00","1,710.00","1,655.00","1,665.00",-2.63,"22,351.00","37,587,143.50"
150,2023-06-27,"1,703.00","1,729.90","1,681.00","1,710.00",-1.37,"18,593.00","31,662,802.90"
151,2023-06-26,"1,749.00","1,800.00","1,701.00","1,733.80",-0.49,"32,425.00","55,992,109.30"
152,2023-06-25,"1,615.00","1,742.40","1,583.10","1,742.40",10.00,"67,016.00","112,363,111.10"
153,2023-06-22,"1,547.00","1,602.00","1,547.00","1,584.00",1.54,"20,614.00","32,693,738.00"
154,2023-06-21,"1,570.00","1,578.00","1,550.00","1,560.00",0.78,"15,378.00","24,036,783.00"
155,2023-06-20,"1,588.00","1,597.00","1,546.50","1,547.90",-3.10,"25,897.00","40,591,288.30"
156,2023-06-19,"1,591.00","1,627.00","1,564.00","1,597.40",-1.33,"34,710.00","55,172,997.30"
157,2023-06-18,"1,522.50","1,629.00","1,522.10","1,619.00",6.37,"39,584.00","63,344,007.80"
158,2023-06-15,"1,480.00","1,522.00","1,460.00","1,522.00",2.84,"34,521.00","51,094,438.80"
159,2023-06-14,"1,465.00","1,515.00","1,465.00","1,480.00",-0.66,"21,224.00","31,613,079.00"
160,2023-06-13,"1,420.00","1,494.00","1,405.00","1,489.90",5.29,"12,694.00","18,476,881.00"
161,2023-06-12,"1,390.00","1,423.00","1,380.00","1,415.00",1.82,"14,463.00","20,178,001.70"
162,2023-06-11,"1,341.00","1,390.00","1,320.00","1,389.70",2.26,"21,338.00","28,858,575.10"
163,2023-06-08,"1,339.80","1,366.80","1,325.30","1,359.00",1.42,"5,182.00","6,990,552.90"
164,2023-06-07,"1,321.00","1,357.00","1,321.00","1,340.00",0.38,"8,366.00","11,170,584.70"
165,2023-06-06,"1,319.50","1,340.00","1,319.50","1,334.90",1.15,"8,335.00","11,087,840.90"
166,2023-06-05,"1,358.50","1,358.50","1,308.00","1,319.70",-1.65,"6,183.00","8,175,182.00"
167,2023-06-04,"1,310.00","1,361.00","1,301.00","1,341.90",4.43,"7,934.00","10,488,942.00"
168,2023-06-01,"1,280.00","1,299.00","1,256.00","1,285.00",1.02,"4,656.00","5,945,801.00"
169,2023-05-31,"1,283.10","1,315.00","1,257.40","1,272.00",-2.75,"8,635.00","10,999,188.30"
170,2023-05-30,"1,332.00","1,358.00","1,283.00","1,308.00",-3.68,"13,136.00","17,014,455.90"
171,2023-05-28,"1,390.00","1,390.00","1,343.00","1,358.00",-1.22,"14,856.00","20,215,504.30"
172,2023-05-24,"1,360.00","1,387.00","1,355.00","1,374.80",0.13,"6,205.00","8,521,397.50"
173,2023-05-23,"1,339.00","1,377.00","1,318.00","1,373.00",4.33,"12,545.00","16,899,863.10"
174,2023-05-22,"1,308.00","1,319.00","1,285.00","1,316.00",1.23,"4,365.00","5,726,749.50"
175,2023-05-21,"1,286.10","1,320.00","1,286.10","1,300.00",0.15,"2,189.00","2,848,754.00"
176,2023-05-18,"1,278.00","1,300.00","1,269.00","1,298.00",1.81,"5,467.00","7,007,921.00"
177,2023-05-17,"1,284.00","1,284.00","1,261.00","1,274.90",0.15,"3,368.00","4,274,439.00"
178,2023-05-16,"1,268.90","1,278.00","1,250.00","1,273.00",0.70,"2,807.00","3,549,273.20"
179,2023-05-15,"1,240.20","1,264.70","1,239.00","1,264.10",0.10,"7,174.00","8,972,493.00"
180,2023-05-14,"1,261.00","1,262.90","1,238.00","1,262.90",-0.95,"2,933.00","3,669,406.20"
181,2023-05-11,"1,289.00","1,289.90","1,250.00","1,275.00",0.39,"2,735.00","3,456,536.40"
182,2023-05-10,"1,263.00","1,270.00","1,247.20","1,270.00",-0.14,"2,340.00","2,950,126.00"
183,2023-05-09,"1,263.00","1,271.80","1,263.00","1,271.80",0.86,"2,727.00","3,459,364.50"
184,2023-05-08,"1,268.00","1,268.00","1,244.60","1,261.00",-0.55,"3,812.00","4,783,649.20"
185,2023-05-07,"1,261.00","1,275.50","1,260.80","1,268.00",-0.28,"4,252.00","5,374,996.00"
186,2023-05-04,"1,293.90","1,293.90","1,259.00","1,271.50",0.12,"2,005.00","2,536,730.00"
187,2023-05-03,"1,280.00","1,280.00","1,260.00","1,270.00",-0.78,"3,408.00","4,307,098.00"
188,2023-05-02,"1,270.10","1,280.00","1,268.50","1,280.00",0.16,"2,425.00","3,082,137.00"
189,2023-04-30,"1,299.00","1,309.00","1,278.00","1,278.00",-1.62,"4,705.00","6,067,986.60"
190,2023-04-27,"1,293.00","1,300.00","1,268.10","1,299.00",0.46,"2,585.00","3,332,046.50"
191,2023-04-26,"1,285.00","1,293.00","1,272.00","1,293.00",-0.31,"2,705.00","3,457,885.10"
192,2023-04-25,"1,283.00","1,300.00","1,280.00","1,297.00",-0.06,"2,882.00","3,712,961.00"
193,2023-04-24,"1,290.00","1,297.80","1,277.00","1,297.80",1.07,"1,735.00","2,227,278.00"
194,2023-04-23,"1,296.00","1,296.00","1,280.00","1,284.00",-1.31,"1,250.00","1,606,933.00"
195,2023-04-20,"1,300.00","1,301.00","1,292.00","1,301.00",0.10,"1,111.00","1,443,891.00"
196,2023-04-19,"1,310.70","1,310.70","1,284.50","1,299.70",1.14,"1,408.00","1,813,089.00"
197,2023-04-18,"1,292.00","1,300.00","1,275.10","1,285.00",-0.54,972.00,"1,252,079.00"
198,2023-04-17,"1,310.00","1,311.00","1,290.00","1,292.00",-2.27,"3,807.00","4,945,674.00"
199,2023-04-16,"1,320.00","1,337.00","1,311.00","1,322.00",-0.89,"1,542.00","2,034,949.30"
200,2023-04-13,"1,330.00","1,355.00","1,310.00","1,333.90",0.29,"7,629.00","10,168,220.60"
201,2023-04-12,"1,270.00","1,330.00","1,270.00","1,330.00",4.72,"9,113.00","11,872,331.30"
202,2023-04-11,"1,245.00","1,289.00","1,245.00","1,270.00",0.13,"11,020.00","13,927,376.60"
203,2023-04-10,"1,261.00","1,286.00","1,253.00","1,268.30",-1.30,"9,139.00","11,591,562.90"
204,2023-04-09,"1,335.00","1,335.00","1,274.20","1,285.00",-2.28,"2,788.00","3,591,632.00"
205,2023-04-06,"1,301.00","1,335.80","1,293.00","1,315.00",-0.38,"8,784.00","11,439,328.60"
206,2023-04-05,"1,308.00","1,335.00","1,290.00","1,320.00",0.84,"1,996.00","2,612,423.70"
207,2023-04-04,"1,318.20","1,355.00","1,293.00","1,309.00",-2.68,"4,416.00","5,821,444.90"
208,2023-04-03,"1,361.50","1,361.50","1,290.00","1,345.00",0.22,"8,760.00","11,516,813.50"
209,2023-04-02,"1,372.00","1,389.90","1,320.00","1,342.00",-0.30,"11,785.00","15,801,697.60"
210,2023-03-30,"1,382.10","1,382.10","1,343.00","1,346.00",-0.66,"1,240.00","1,673,236.20"
211,2023-03-29,"1,329.90","1,360.00","1,329.90","1,355.00",0.68,"2,110.00","2,843,975.20"
212,2023-03-28,"1,360.00","1,387.00","1,338.30","1,345.90",0.52,"6,647.00","9,019,434.40"
213,2023-03-27,"1,305.00","1,356.80","1,300.00","1,338.90",2.66,"4,202.00","5,524,120.50"
214,2023-03-26,"1,326.00","1,326.00","1,303.00","1,304.20",-1.13,"5,240.00","6,896,155.40"
215,2023-03-23,"1,310.10","1,330.00","1,310.10","1,319.10",-1.26,"6,484.00","8,572,399.80"
216,2023-03-22,"1,365.00","1,365.00","1,335.00","1,336.00",-1.76,"3,131.00","4,225,147.10"
217,2023-03-20,"1,378.00","1,378.00","1,360.00","1,360.00",-0.07,"3,834.00","5,222,216.80"
218,2023-03-19,"1,402.00","1,402.00","1,360.00","1,361.00",-1.00,"4,140.00","5,637,723.60"
219,2023-03-16,"1,360.00","1,379.00","1,360.00","1,374.70",0.05,"2,886.00","3,943,056.50"
220,2023-03-15,"1,415.00","1,415.00","1,362.10","1,374.00",-1.07,"8,064.00","11,038,096.50"
221,2023-03-14,"1,390.00","1,400.00","1,377.00","1,388.90",0.06,"5,272.00","7,281,076.10"
222,2023-03-13,"1,415.00","1,415.00","1,370.00","1,388.00",-0.14,"5,854.00","8,092,989.00"
223,2023-03-12,"1,439.90","1,439.90","1,374.00","1,390.00",-1.97,"9,936.00","13,842,491.80"
224,2023-03-09,"1,406.00","1,418.90","1,381.00","1,418.00",2.84,"2,618.00","3,648,505.00"
225,2023-03-07,"1,400.00","1,400.00","1,362.00","1,378.90",-0.01,"2,646.00","3,637,430.40"
226,2023-03-05,"1,370.10","1,385.00","1,358.00","1,379.00",-0.29,"2,490.00","3,392,410.60"
227,2023-03-02,"1,374.00","1,397.90","1,374.00","1,383.00",0.22,"3,039.00","4,188,310.60"
228,2023-03-01,"1,406.00","1,408.00","1,380.00","1,380.00",-1.99,"5,635.00","7,871,712.50"
229,2023-02-28,"1,453.50","1,453.50","1,400.00","1,408.00",-1.19,"6,455.00","9,079,366.20"
230,2023-02-27,"1,455.00","1,455.00","1,399.00","1,425.00",-0.21,"3,980.00","5,645,175.20"
231,2023-02-26,"1,410.00","1,434.00","1,400.00","1,428.00",0.00,"5,062.00","7,155,823.10"
232,2023-02-23,"1,442.60","1,450.00","1,414.00","1,428.00",-2.99,"4,752.00","6,793,200.60"
233,2023-02-22,"1,454.00","1,472.00","1,440.00","1,472.00",1.24,"9,242.00","13,488,001.50"
234,2023-02-20,"1,422.20","1,456.00","1,422.20","1,454.00",0.28,"1,235.00","1,779,766.00"
235,2023-02-16,"1,444.00","1,467.00","1,436.90","1,450.00",-1.48,"5,883.00","8,499,300.50"
236,2023-02-15,"1,490.00","1,490.00","1,460.00","1,471.80",-0.13,"4,125.00","6,065,442.00"
237,2023-02-14,"1,470.00","1,497.00","1,465.30","1,473.70",-1.03,"4,393.00","6,468,679.70"
238,2023-02-12,"1,495.00","1,518.00","1,475.00","1,489.00",-2.36,"9,831.00","14,708,088.50"
239,2023-02-09,"1,501.00","1,527.00","1,501.00","1,525.00",0.01,"2,715.00","4,118,039.00"
240,2023-02-08,"1,530.00","1,560.00","1,510.00","1,524.90",-0.27,"2,957.00","4,552,631.00"
241,2023-02-07,"1,499.40","1,529.00","1,472.00","1,529.00",4.01,"9,618.00","14,427,171.90"
242,2023-02-06,"1,519.00","1,519.00","1,460.20","1,470.00",-2.00,"11,701.00","17,289,595.20"
243,2023-02-05,"1,500.00","1,520.00","1,493.00","1,500.00",0.00,"3,078.00","4,626,249.00"
244,2023-02-02,"1,516.00","1,528.70","1,495.00","1,500.00",-1.11,"4,614.00","6,955,943.60"
245,2023-02-01,"1,500.00","1,526.00","1,500.00","1,516.90",1.11,"3,995.00","6,048,651.20"
246,2023-01-31,"1,523.00","1,527.80","1,485.70","1,500.30",-1.55,"6,528.00","9,838,134.50"
247,2023-01-30,"1,545.00","1,570.00","1,516.00","1,523.90",-1.00,"6,769.00","10,330,759.50"
248,2023-01-29,"1,574.90","1,574.90","1,519.00","1,539.30",-0.63,"10,343.00","15,740,680.50"
249,2023-01-26,"1,570.00","1,580.00","1,518.00","1,549.00",-1.34,"10,883.00","16,741,351.40"
250,2023-01-25,"1,534.00","1,580.00","1,534.00","1,570.00",2.08,"11,846.00","18,507,066.30"
251,2023-01-24,"1,550.00","1,550.00","1,512.00","1,538.00",1.18,"8,429.00","12,899,665.20"
252,2023-01-23,"1,560.50","1,564.00","1,520.00","1,520.00",-0.65,"5,922.00","9,119,848.40"
253,2023-01-19,"1,550.00","1,560.00","1,520.00","1,530.00",-1.35,"9,809.00","15,049,925.80"
254,2023-01-18,"1,579.70","1,650.00","1,536.30","1,551.00",-0.77,"24,466.00","38,263,051.90"
255,2023-01-17,"1,589.00","1,589.30","1,541.00","1,563.00",0.30,"7,402.00","11,579,773.80"
256,2023-01-12,"1,620.00","1,622.00","1,558.20","1,558.40",-3.50,"13,955.00","21,973,017.40"
257,2023-01-10,"1,680.00","1,713.60","1,599.00","1,615.00",-2.04,"22,733.00","36,875,752.90"
258,2023-01-09,"1,630.00","1,665.00","1,630.00","1,648.70",0.84,"21,066.00","34,677,079.50"
259,2023-01-08,"1,600.00","1,733.00","1,600.00","1,635.00",3.74,"50,777.00","84,237,958.00"
260,2023-01-05,"1,529.90","1,579.00","1,526.00","1,576.00",2.67,"31,755.00","49,267,634.20"
261,2023-01-04,"1,549.30","1,549.30","1,491.00","1,535.00",1.05,"28,123.00","42,693,311.00"
262,2023-01-03,"1,560.00","1,560.00","1,500.00","1,519.00",-1.36,"18,733.00","28,335,978.90"
263,2023-01-02,"1,560.00","1,560.00","1,500.00","1,540.00",-0.66,"27,691.00","42,338,233.90"
264,2023-01-01,"1,547.00","1,595.00","1,540.00","1,550.20",2.19,"29,922.00","46,716,980.50"
265,2022-12-29,"1,447.00","1,560.00","1,447.00","1,517.00",3.06,"13,036.00","19,407,812.20"
266,2022-12-28,"1,515.00","1,515.00","1,449.00","1,472.00",-1.14,"8,647.00","12,665,597.30"
267,2022-12-27,"1,415.00","1,499.00","1,415.00","1,489.00",5.60,"27,609.00","40,534,207.90"
268,2022-12-26,"1,401.00","1,429.00","1,370.00","1,410.10",2.63,"16,242.00","22,930,438.80"
269,2022-12-22,"1,356.00","1,398.00","1,356.00","1,374.00",-0.29,"1,703.00","2,322,800.00"
270,2022-12-21,"1,407.00","1,407.00","1,371.00","1,378.00",-0.86,"1,767.00","2,432,852.00"
271,2022-12-20,"1,387.20","1,400.00","1,361.10","1,390.00",2.21,"8,955.00","12,353,947.00"
272,2022-12-19,"1,387.10","1,414.00","1,357.10","1,360.00",0.00,"4,611.00","6,347,996.60"
273,2022-12-18,"1,381.20","1,381.20","1,355.00","1,360.00",-1.88,"2,714.00","3,719,801.30"
274,2022-12-15,"1,400.00","1,418.00","1,386.10","1,386.10",-2.38,"4,970.00","6,916,930.10"
275,2022-12-14,"1,401.00","1,428.00","1,400.00","1,419.90",-0.57,233.00,"328,923.00"
276,2022-12-13,"1,411.00","1,428.00","1,400.00","1,428.00",0.21,"1,444.00","2,033,801.40"
277,2022-12-12,"1,420.00","1,430.00","1,386.00","1,425.00",1.06,"2,082.00","2,922,212.00"
278,2022-12-11,"1,417.90","1,417.90","1,392.00","1,410.00",-0.56,"6,756.00","9,466,704.30"
279,2022-12-07,"1,469.00","1,469.00","1,415.20","1,417.90",-2.21,"5,272.00","7,513,346.60"
280,2022-12-06,"1,417.00","1,473.00","1,417.00","1,450.00",0.35,"9,494.00","13,684,991.30"
281,2022-12-05,"1,528.90","1,528.90","1,427.20","1,445.00",-3.60,"24,440.00","35,549,668.40"
282,2022-12-04,"1,428.00","1,499.00","1,411.10","1,499.00",4.97,"25,481.00","37,212,101.80"
283,2022-12-01,"1,379.00","1,440.00","1,355.00","1,428.00",5.08,"14,922.00","20,864,215.00"
284,2022-11-30,"1,377.00","1,377.00","1,331.00","1,359.00",0.52,"6,211.00","8,367,080.90"
285,2022-11-29,"1,326.10","1,374.00","1,313.00","1,352.00",2.04,"7,298.00","9,818,561.40"
286,2022-11-28,"1,350.00","1,382.00","1,325.00","1,325.00",-2.43,"3,591.00","4,815,967.00"
287,2022-11-27,"1,360.00","1,360.90","1,311.00","1,358.00",1.72,"12,274.00","16,448,889.70"
288,2022-11-24,"1,300.00","1,343.00","1,297.00","1,335.00",0.98,"4,887.00","6,501,427.10"
289,2022-11-23,"1,304.00","1,322.00","1,282.10","1,322.00",1.31,"1,900.00","2,465,216.70"
290,2022-11-22,"1,336.00","1,336.00","1,279.90","1,304.90",-0.39,"5,143.00","6,631,308.30"
291,2022-11-17,"1,315.00","1,339.00","1,300.10","1,310.00",1.55,"4,425.00","5,801,220.40"
292,2022-11-16,"1,286.50","1,305.00","1,275.30","1,290.00",0.42,"2,534.00","3,258,838.10"
293,2022-11-15,"1,300.00","1,325.90","1,284.00","1,284.60",-2.98,"3,564.00","4,605,228.00"
294,2022-11-14,"1,300.00","1,324.70","1,290.00","1,324.00",1.85,"5,933.00","7,701,412.20"
295,2022-11-13,"1,339.90","1,339.90","1,287.00","1,300.00",-1.66,"3,412.00","4,430,600.00"
296,2022-11-10,"1,368.00","1,368.00","1,265.00","1,322.00",-1.49,"9,266.00","11,989,319.00"
297,2022-11-09,"1,380.00","1,386.00","1,322.10","1,342.00",-2.75,"8,523.00","11,458,121.70"
298,2022-11-08,"1,298.00","1,391.00","1,298.00","1,379.90",4.22,"17,156.00","23,236,315.50"
299,2022-11-07,"1,288.80","1,354.90","1,254.00","1,324.00",4.51,"14,865.00","19,460,398.40"
300,2022-11-06,"1,250.00","1,280.00","1,230.00","1,266.90",1.51,"4,988.00","6,307,511.30"
301,2022-11-03,"1,232.00","1,254.00","1,230.00","1,248.00",-0.64,"3,517.00","4,340,616.00"
302,2022-11-02,"1,240.00","1,270.00","1,231.00","1,256.00",0.81,"2,651.00","3,328,652.90"
303,2022-11-01,"1,230.00","1,258.00","1,200.00","1,245.90",1.38,"13,496.00","16,471,211.50"
304,2022-10-31,"1,215.00","1,229.00","1,210.00","1,229.00",0.75,"3,079.00","3,741,132.00"
305,2022-10-23,"1,222.00","1,229.90","1,205.00","1,219.90",-0.17,"6,646.00","8,085,982.00"
306,2022-10-20,"1,224.00","1,224.00","1,185.00","1,222.00",1.42,"3,526.00","4,270,061.00"
307,2022-10-19,"1,205.10","1,208.00","1,183.00","1,204.90",0.41,"8,373.00","9,998,902.70"
308,2022-10-17,"1,238.00","1,240.00","1,200.00","1,200.00",-2.04,"9,068.00","10,965,573.40"
309,2022-10-16,"1,225.00","1,244.50","1,214.00","1,225.00",-1.99,"1,745.00","2,133,193.00"
310,2022-10-13,"1,241.00","1,249.90","1,207.00","1,249.90",0.80,"3,589.00","4,402,944.20"
311,2022-10-12,"1,229.00","1,243.00","1,220.00","1,240.00",0.90,"7,368.00","9,100,037.50"
312,2022-10-11,"1,250.00","1,255.00","1,221.10","1,229.00",-2.85,"9,187.00","11,317,248.40"
313,2022-10-10,"1,310.70","1,310.70","1,233.80","1,265.00",-1.56,"6,351.00","7,892,354.00"
314,2022-10-09,"1,263.00","1,285.00","1,226.10","1,285.00",3.63,"6,417.00","8,007,082.40"
315,2022-09-29,"1,259.70","1,259.70","1,211.10","1,240.00",-0.40,"4,569.00","5,575,020.50"
316,2022-09-28,"1,249.00","1,268.00","1,210.30","1,245.00",1.62,"7,212.00","8,832,687.80"
317,2022-09-27,"1,234.20","1,281.00","1,225.00","1,225.10",1.25,"1,709.00","2,119,269.00"
318,2022-09-25,"1,240.00","1,240.00","1,210.00","1,210.00",-2.65,"3,454.00","4,208,251.10"
319,2022-09-22,"1,250.00","1,250.00","1,226.00","1,243.00",-0.56,"3,575.00","4,405,050.50"
320,2022-09-21,"1,263.90","1,263.90","1,227.00","1,250.00",-0.16,"5,245.00","6,503,387.60"
321,2022-09-20,"1,300.00","1,300.00","1,231.00","1,252.00",-2.55,"3,738.00","4,660,150.00"
322,2022-09-18,"1,329.00","1,346.00","1,278.20","1,284.80",-5.25,"6,776.00","8,748,851.60"
323,2022-09-16,"1,298.00","1,356.00","1,270.00","1,356.00",3.99,"5,464.00","7,056,545.20"
324,2022-09-15,"1,345.00","1,368.00","1,295.60","1,304.00",-3.69,"8,442.00","11,108,587.90"
325,2022-09-14,"1,363.60","1,365.00","1,321.00","1,353.90",1.27,"7,021.00","9,442,935.90"
326,2022-09-13,"1,350.00","1,350.00","1,323.00","1,336.90",0.52,"3,374.00","4,505,194.60"
327,2022-09-12,"1,340.00","1,358.00","1,319.00","1,330.00",-2.13,"5,059.00","6,708,161.50"
328,2022-09-11,"1,390.00","1,390.00","1,341.00","1,359.00",-0.44,"1,927.00","2,615,826.00"
329,2022-09-08,"1,390.00","1,390.00","1,360.00","1,365.00",-1.37,"4,315.00","5,898,069.50"
330,2022-09-07,"1,398.00","1,398.00","1,363.20","1,384.00",-1.56,"2,963.00","4,079,381.00"
331,2022-09-06,"1,392.00","1,406.00","1,379.00","1,405.90",-0.99,"3,556.00","4,930,750.00"
332,2022-09-05,"1,431.00","1,450.00","1,368.10","1,420.00",1.21,"8,412.00","11,678,228.70"
333,2022-09-04,"1,430.00","1,438.00","1,385.00","1,403.00",-0.50,"3,808.00","5,313,340.00"
334,2022-09-02,"1,420.00","1,438.00","1,387.10","1,410.00",-0.70,"2,552.00","3,571,702.00"
335,2022-09-01,"1,406.00","1,430.00","1,375.00","1,420.00",2.97,"9,998.00","13,928,972.00"
336,2022-08-31,"1,463.50","1,464.00","1,372.00","1,379.00",-3.90,"9,838.00","13,805,351.20"
337,2022-08-30,"1,462.50","1,551.00","1,425.00","1,434.90",0.07,"43,670.00","63,901,310.80"
338,2022-08-29,"1,459.00","1,459.00","1,405.00","1,433.90",0.20,"9,420.00","13,486,509.00"
339,2022-08-28,"1,473.00","1,490.00","1,409.30","1,431.00",-0.97,"18,345.00","26,585,131.10"
340,2022-08-26,"1,341.00","1,500.00","1,341.00","1,445.00",5.95,"23,730.00","33,623,865.40"
341,2022-08-25,"1,369.00","1,383.00","1,350.00","1,363.90",-0.31,"5,937.00","8,113,866.70"
342,2022-08-24,"1,378.00","1,384.90","1,365.00","1,368.10",-0.72,"7,209.00","9,892,433.20"
343,2022-08-23,"1,382.00","1,396.90","1,365.00","1,378.00",-0.79,"4,624.00","6,351,367.00"
344,2022-08-22,"1,395.00","1,412.00","1,370.00","1,389.00",-0.78,"11,227.00","15,626,665.00"
345,2022-08-21,"1,435.00","1,435.00","1,385.00","1,399.90",-0.58,"7,835.00","10,972,577.50"
346,2022-08-18,"1,389.90","1,409.40","1,370.00","1,408.00",1.30,"6,453.00","8,933,725.00"
347,2022-08-17,"1,370.20","1,397.00","1,362.20","1,389.90",-0.36,"2,482.00","3,425,225.80"
348,2022-08-16,"1,405.00","1,415.00","1,370.00","1,394.90",-0.36,"7,191.00","9,987,216.20"
349,2022-08-15,"1,362.20","1,400.00","1,335.00","1,400.00",0.72,"10,013.00","13,778,617.80"
350,2022-08-14,"1,400.00","1,426.00","1,381.00","1,390.00",-2.26,"7,947.00","11,069,784.90"
351,2022-08-11,"1,435.00","1,440.00","1,420.00","1,422.10",-0.34,"5,159.00","7,361,213.90"
352,2022-08-10,"1,428.00","1,437.10","1,412.20","1,427.00",-0.63,"6,588.00","9,409,496.30"
353,2022-08-09,"1,434.60","1,455.00","1,411.20","1,436.00",-0.76,"12,669.00","18,183,551.70"
354,2022-08-08,"1,453.10","1,495.00","1,446.10","1,447.00",-2.10,"10,542.00","15,417,347.00"
355,2022-08-07,"1,489.50","1,489.50","1,450.00","1,478.00",0.75,"16,987.00","24,842,180.40"
356,2022-08-05,"1,470.00","1,499.00","1,458.00","1,467.00",-1.34,"11,555.00","17,017,593.50"
357,2022-08-04,"1,508.00","1,519.00","1,475.00","1,487.00",-2.43,"22,889.00","34,181,282.30"
358,2022-08-03,"1,549.00","1,566.00","1,508.00","1,524.00",-0.78,"14,468.00","22,111,407.70"
359,2022-08-02,"1,545.00","1,564.00","1,516.00","1,536.00",-0.58,"9,502.00","14,540,239.60"
360,2022-08-01,"1,507.00","1,655.00","1,507.00","1,545.00",0.51,"35,892.00","55,957,422.30"
361,2022-07-31,"1,516.00","1,555.00","1,475.00","1,537.10",3.16,"54,205.00","82,496,166.10"
362,2022-07-29,"1,535.00","1,535.00","1,480.00","1,490.00",-1.26,"11,737.00","17,494,029.20"
363,2022-07-28,"1,514.70","1,567.00","1,481.10","1,509.00",1.62,"46,674.00","71,268,435.00"
364,2022-07-27,"1,489.00","1,524.00","1,474.00","1,485.00",-0.93,"18,511.00","27,597,217.00"
365,2022-07-26,"1,500.00","1,525.00","1,469.00","1,499.00",0.01,"53,297.00","79,940,409.80"
366,2022-07-25,"1,457.00","1,500.00","1,430.00","1,498.90",4.53,"31,846.00","46,692,602.20"
367,2022-07-24,"1,417.00","1,460.00","1,396.20","1,434.00",3.17,"13,700.00","19,338,355.50"
368,2022-07-22,"1,448.00","1,448.00","1,385.00","1,390.00",-2.32,"15,337.00","21,475,963.00"
369,2022-07-21,"1,501.00","1,501.00","1,422.80","1,423.00",-3.72,"16,370.00","23,698,214.40"
370,2022-07-20,"1,453.00","1,490.00","1,450.00","1,478.00",-0.14,"13,131.00","19,377,614.90"
371,2022-07-19,"1,430.00","1,488.90","1,430.00","1,480.00",1.52,"14,145.00","20,826,613.20"
372,2022-07-18,"1,410.00","1,470.00","1,391.00","1,457.90",1.60,"19,396.00","27,783,597.00"
373,2022-07-17,"1,441.00","1,441.00","1,395.00","1,435.00",1.41,"7,578.00","10,695,233.20"
374,2022-07-15,"1,421.00","1,421.00","1,372.20","1,415.00",1.06,"7,456.00","10,393,317.10"
375,2022-07-14,"1,410.00","1,432.00","1,390.00","1,400.10",-0.42,"14,224.00","19,963,598.80"
376,2022-07-13,"1,422.90","1,435.00","1,376.90","1,406.00",0.79,"22,179.00","31,048,171.60"
377,2022-07-12,"1,420.00","1,440.00","1,390.00","1,395.00",-1.41,"29,299.00","41,087,204.50"
378,2022-07-11,"1,510.00","1,510.00","1,399.00","1,415.00",-5.54,"30,977.00","44,121,542.40"
379,2022-07-08,"1,555.00","1,580.00","1,485.00","1,498.00",-1.77,"26,067.00","39,138,685.90"
380,2022-07-07,"1,580.80","1,677.00","1,514.10","1,525.00",-1.61,"48,789.00","76,589,982.50"
381,2022-07-06,"1,437.10","1,549.90","1,437.10","1,549.90",10.00,"76,742.00","115,346,477.00"
382,2022-07-05,"1,417.10","1,454.00","1,390.00","1,409.00",-2.42,"19,934.00","28,131,783.80"
383,2022-07-04,"1,477.00","1,477.00","1,402.20","1,444.00",-0.35,"32,956.00","47,507,707.00"
384,2022-07-03,"1,495.00","1,496.00","1,430.00","1,449.00",-1.36,"11,577.00","16,760,701.40"
385,2022-07-01,"1,515.00","1,548.00","1,445.10","1,469.00",-1.28,"14,777.00","21,779,229.30"
386,2022-06-30,"1,475.00","1,550.00","1,410.00","1,488.00",2.62,"39,008.00","56,939,778.90"
387,2022-06-29,"1,489.80","1,489.80","1,441.00","1,450.00",-1.36,"21,583.00","31,473,529.00"
388,2022-06-28,"1,445.00","1,530.00","1,353.10","1,470.00",3.59,"37,343.00","54,387,260.90"
389,2022-06-27,"1,323.90","1,430.00","1,276.00","1,419.00",9.15,"59,585.00","80,296,325.50"
390,2022-06-26,"1,230.00","1,322.00","1,206.00","1,300.00",5.70,"34,687.00","44,593,219.10"
391,2022-06-24,"1,120.00","1,240.00","1,101.00","1,229.90",7.89,"22,574.00","26,656,467.50"
392,2022-06-23,"1,120.00","1,141.00","1,086.00","1,140.00",0.89,"19,504.00","21,525,312.70"
393,2022-06-22,"1,160.00","1,179.00","1,112.00","1,129.90",-2.43,"9,483.00","10,603,316.00"
394,2022-06-21,"1,069.00","1,180.00","1,065.00","1,158.00",6.73,"21,039.00","23,834,445.80"
395,2022-06-20,"1,100.00","1,110.00","1,075.10","1,085.00",-2.25,"20,278.00","22,130,998.20"
396,2022-06-19,"1,101.00","1,117.90","1,100.00","1,110.00",0.91,"14,251.00","15,745,547.60"
397,2022-06-17,"1,119.90","1,124.90","1,098.00","1,100.00",-0.63,"9,539.00","10,528,484.00"
398,2022-06-16,"1,132.20","1,132.20","1,089.00","1,107.00",-0.27,"11,417.00","12,663,222.00"
399,2022-06-15,"1,190.10","1,200.00","1,098.00","1,110.00",-8.26,"32,058.00","35,823,154.80"
400,2022-06-14,"1,258.90","1,258.90","1,184.90","1,209.90",-2.02,"5,957.00","7,160,702.30"
401,2022-06-13,"1,245.00","1,255.00","1,213.00","1,234.80",-1.98,"7,332.00","9,002,512.40"
402,2022-06-10,"1,265.00","1,270.00","1,225.00","1,259.80",-2.26,"8,287.00","10,316,648.90"
403,2022-06-09,"1,279.00","1,329.90","1,243.00","1,288.90",2.70,"10,719.00","13,673,362.20"
404,2022-06-08,"1,238.80","1,326.00","1,217.00","1,255.00",3.13,"11,005.00","13,895,940.00"
405,2022-06-07,"1,200.00","1,235.90","1,197.00","1,216.90",-0.41,"20,459.00","24,828,518.20"
406,2022-06-06,"1,265.00","1,275.00","1,203.50","1,221.90",-2.64,"25,279.00","30,952,040.00"
407,2022-06-03,"1,304.00","1,305.00","1,245.10","1,255.00",-3.31,"7,420.00","9,340,631.40"
408,2022-06-02,"1,304.00","1,330.00","1,275.00","1,297.90",-2.34,"14,307.00","18,519,724.00"
409,2022-06-01,"1,397.50","1,397.50","1,297.00","1,329.00",-6.80,"17,623.00","23,296,947.50"
410,2022-05-31,"1,353.30","1,426.00","1,281.00","1,426.00",3.35,"23,784.00","31,333,693.80"
411,2022-05-30,"1,517.00","1,547.00","1,346.00","1,379.80",-7.27,"24,804.00","34,371,332.20"
412,2022-05-27,"1,521.00","1,550.00","1,465.00","1,488.00",-0.80,"2,633.00","3,942,828.90"
413,2022-05-26,"1,456.00","1,508.00","1,456.00","1,500.00",1.02,"8,790.00","13,109,522.40"
414,2022-05-25,"1,508.00","1,537.00","1,465.00","1,484.90",0.43,"6,616.00","9,754,489.50"
415,2022-05-24,"1,479.00","1,530.00","1,428.00","1,478.50",1.90,"6,661.00","9,849,177.40"
416,2022-05-23,"1,555.00","1,555.00","1,440.00","1,451.00",-5.04,"12,847.00","18,750,483.20"
417,2022-05-20,"1,560.00","1,560.00","1,491.10","1,528.00",-1.42,"9,245.00","13,904,653.50"
418,2022-05-19,"1,594.00","1,594.00","1,527.00","1,550.00",-1.46,"4,481.00","6,870,124.00"
419,2022-05-18,"1,572.00","1,596.40","1,527.90","1,573.00",0.50,"9,667.00","14,969,319.10"
420,2022-05-17,"1,604.00","1,695.00","1,565.10","1,565.10",-4.33,"13,950.00","22,299,820.90"
421,2022-05-12,"1,676.00","1,676.00","1,617.00","1,636.00",-1.21,"12,569.00","20,519,768.10"
422,2022-05-11,"1,640.00","1,670.00","1,620.10","1,656.00",0.98,"16,168.00","26,450,979.40"
423,2022-05-10,"1,630.10","1,662.90","1,627.00","1,640.00",-1.20,"7,176.00","11,823,332.00"
424,2022-05-09,"1,670.00","1,684.00","1,630.00","1,660.00",-1.78,"9,806.00","16,176,599.00"
425,2022-05-08,"1,695.00","1,695.00","1,630.00","1,690.00",0.01,"10,721.00","17,643,504.00"
426,2022-05-05,"1,690.00","1,723.80","1,630.00","1,689.80",-1.64,"15,026.00","24,860,656.10"
427,2022-05-04,"1,810.00","1,810.00","1,670.00","1,717.90",-3.33,"11,697.00","19,926,935.20"
428,2022-05-02,"1,875.00","1,875.00","1,750.00","1,777.00",-3.42,"10,669.00","18,900,075.80"
429,2022-04-28,"1,875.00","1,875.00","1,802.00","1,840.00",0.04,"9,073.00","16,498,885.80"
430,2022-04-27,"1,876.80","1,876.80","1,816.00","1,839.20",-0.04,"3,123.00","5,707,273.00"
431,2022-04-26,"1,869.00","1,869.00","1,830.00","1,840.00",-1.60,"3,745.00","6,892,261.00"
432,2022-04-25,"1,899.00","1,899.00","1,840.00","1,870.00",-1.32,"7,646.00","14,280,098.70"
433,2022-04-24,"1,865.00","1,900.00","1,830.00","1,895.00",2.83,"8,479.00","15,994,784.20"
434,2022-04-21,"1,813.00","1,855.30","1,800.00","1,842.80",1.31,"9,904.00","18,043,116.00"
435,2022-04-20,"1,880.00","1,880.00","1,817.00","1,819.00",-2.20,"9,434.00","17,396,535.00"
436,2022-04-19,"1,890.00","1,890.00","1,846.00","1,860.00",-0.20,"8,656.00","16,064,897.50"
437,2022-04-18,"1,935.00","1,935.00","1,851.10","1,863.80",-2.36,"4,876.00","9,063,471.10"
438,2022-04-17,"1,976.00","1,976.00","1,880.00","1,908.90",-1.60,"6,710.00","12,759,497.00"
439,2022-04-13,"1,968.00","1,968.00","1,917.50","1,939.90",-0.01,"6,411.00","12,400,214.50"
440,2022-04-12,"2,017.00","2,020.00","1,932.00","1,940.00",-1.92,"6,557.00","12,788,167.30"
441,2022-04-11,"2,063.40","2,139.00","1,976.00","1,978.00",-2.22,"11,551.00","23,187,758.00"
442,2022-04-07,"1,987.70","2,070.00","1,950.00","2,023.00",2.79,"8,889.00","17,923,389.50"
443,2022-04-06,"1,985.00","1,985.00","1,931.00","1,968.00",0.87,"6,647.00","12,976,797.10"
444,2022-04-05,"2,054.00","2,054.00","1,950.00","1,951.00",-4.59,"15,294.00","30,163,127.90"
445,2022-04-04,"2,092.00","2,133.00","2,019.00","2,044.90",-0.34,"7,735.00","15,735,359.00"
446,2022-04-03,"2,098.00","2,098.00","2,034.00","2,051.80",-0.93,"18,900.00","38,777,138.00"
447,2022-03-31,"2,145.00","2,145.00","2,070.10","2,071.00",-2.36,"6,291.00","13,224,085.20"
448,2022-03-30,"2,140.00","2,140.00","2,058.00","2,121.00",0.63,"14,400.00","29,967,390.00"
449,2022-03-29,"2,160.00","2,160.00","2,073.00","2,107.80",-0.99,"13,994.00","29,319,409.20"
450,2022-03-28,"2,100.00","2,164.90","2,100.00","2,128.80",-0.38,"26,556.00","56,531,244.50"
451,2022-03-27,"2,143.00","2,274.00","2,137.00","2,137.00",1.70,"68,532.00","150,594,462.10"
452,2022-03-24,"2,029.60","2,120.00","1,990.00","2,101.20",5.59,"54,363.00","113,105,960.30"
453,2022-03-23,"2,005.00","2,007.00","1,987.00","1,989.90",-0.75,"6,833.00","13,643,177.00"
454,2022-03-22,"2,040.00","2,051.90","1,990.10","2,005.00",-0.34,"9,845.00","19,758,516.70"
455,2022-03-21,"2,040.00","2,040.00","1,961.00","2,011.90",-0.10,"5,594.00","11,056,691.20"
456,2022-03-20,"2,077.00","2,077.00","1,970.00","2,014.00",-1.18,"13,796.00","27,561,165.00"
457,2022-03-16,"2,078.50","2,089.00","2,002.00","2,038.00",-0.58,"13,534.00","27,340,105.50"
458,2022-03-15,"2,044.00","2,087.00","1,968.10","2,049.80",2.18,"16,338.00","32,940,295.30"
459,2022-03-14,"1,970.00","2,030.00","1,970.00","2,006.00",2.77,"30,910.00","61,885,698.00"
460,2022-03-13,"1,846.00","1,952.00","1,840.00","1,952.00",7.85,"25,394.00","48,071,956.60"
461,2022-03-10,"1,755.00","1,810.00","1,730.00","1,810.00",3.13,"7,448.00","13,135,613.00"
462,2022-03-09,"1,780.00","1,790.00","1,719.10","1,755.00",-2.93,"9,898.00","17,239,893.40"
463,2022-03-07,"1,809.00","1,849.90","1,764.00","1,807.90",-1.58,"5,235.00","9,351,573.00"
464,2022-03-06,"1,849.00","1,849.00","1,780.00","1,837.00",1.16,"3,322.00","5,983,184.00"
465,2022-03-02,"1,934.00","1,934.00","1,816.00","1,816.00",-4.26,"10,859.00","19,941,296.00"
466,2022-02-28,"1,970.00","1,970.00","1,849.10","1,896.90",-1.81,"8,837.00","16,548,396.50"
467,2022-02-27,"1,986.00","1,986.00","1,905.00","1,931.90",-0.88,"4,400.00","8,437,580.00"
468,2022-02-24,"1,980.00","1,980.00","1,887.00","1,949.00",-2.01,"9,430.00","18,154,338.10"
469,2022-02-23,"1,970.00","1,988.90","1,960.00","1,988.90",0.45,"9,103.00","17,930,261.80"
470,2022-02-22,"2,010.00","2,010.00","1,980.00","1,980.00",-0.60,"8,656.00","17,258,429.30"
471,2022-02-21,"2,005.00","2,019.90","1,988.00","1,992.00",-0.64,"39,575.00","79,735,646.90"
472,2022-02-20,"2,023.70","2,033.00","1,990.00","2,004.90",-2.91,"9,361.00","18,740,280.10"
473,2022-02-17,"2,050.00","2,078.00","2,021.00","2,065.00",-0.96,"8,088.00","16,660,972.30"
474,2022-02-16,"2,021.00","2,085.00","2,002.00","2,085.00",2.21,"19,873.00","40,499,444.40"
475,2022-02-15,"2,036.50","2,040.00","1,990.00","2,040.00",0.10,"18,447.00","37,010,114.70"
476,2022-02-14,"1,987.00","2,058.00","1,987.00","2,038.00",0.64,"13,194.00","26,814,864.50"
477,2022-02-13,"2,009.00","2,028.00","1,969.00","2,025.00",-1.22,"25,295.00","50,415,426.20"
478,2022-02-10,"2,026.00","2,060.00","2,005.00","2,050.00",1.05,"20,123.00","40,646,324.40"
479,2022-02-09,"2,018.00","2,028.80","1,980.00","2,028.70",1.87,"31,678.00","63,265,635.90"
480,2022-02-08,"2,044.00","2,044.00","1,985.10","1,991.50",-0.67,"25,941.00","52,131,490.50"
481,2022-02-07,"1,982.10","2,010.00","1,946.00","2,005.00",3.17,"30,923.00","61,319,275.20"
482,2022-02-06,"2,400.00","2,400.00","2,315.00","2,332.00",-1.89,"22,134.00","51,678,300.30"
483,2022-02-03,"2,400.00","2,400.00","2,326.00","2,377.00",0.89,"20,975.00","49,201,626.40"
484,2022-02-01,"2,400.00","2,400.00","2,330.00","2,356.00",-0.50,"18,113.00","42,392,629.50"
485,2022-01-31,"2,385.00","2,493.00","2,342.00","2,367.90",0.55,"14,692.00","34,912,457.00"
486,2022-01-30,"2,336.00","2,397.00","2,336.00","2,355.00",2.79,"14,468.00","34,255,082.40"
487,2022-01-27,"2,319.00","2,345.00","2,286.00","2,291.00",-1.21,"5,783.00","13,306,579.10"
488,2022-01-26,"2,389.00","2,389.00","2,286.10","2,319.00",-2.11,"16,285.00","37,543,560.70"
489,2022-01-25,"2,385.00","2,390.00","2,300.00","2,369.00",1.07,"22,195.00","52,054,494.90"
490,2022-01-24,"2,399.00","2,415.00","2,302.00","2,344.00",-2.29,"38,050.00","90,416,463.20"
491,2022-01-23,"2,299.00","2,400.00","2,270.00","2,398.90",5.68,"45,346.00","106,644,987.80"
492,2022-01-20,"2,170.00","2,292.90","2,150.00","2,270.00",4.91,"15,642.00","34,772,291.00"
493,2022-01-19,"2,151.00","2,175.00","2,146.00","2,163.70",-1.16,"4,466.00","9,629,183.70"
494,2022-01-18,"2,171.00","2,214.00","2,163.00","2,189.00",-0.82,"7,152.00","15,636,803.80"
495,2022-01-17,"2,195.00","2,230.00","2,175.00","2,207.00",0.46,"8,832.00","19,334,865.00"
496,2022-01-16,"2,200.00","2,243.00","2,171.00","2,197.00",1.48,"7,167.00","15,739,797.50"
497,2022-01-13,"2,124.00","2,173.00","2,090.00","2,164.90",1.93,"7,026.00","15,040,026.20"
498,2022-01-12,"2,130.00","2,159.50","2,077.60","2,124.00",-0.05,"7,201.00","15,285,376.90"
499,2022-01-11,"2,065.00","2,127.90","2,060.00","2,125.00",3.16,"14,216.00","29,937,044.80"
500,2022-01-10,"2,040.00","2,076.00","2,000.00","2,060.00",0.47,"7,863.00","15,923,507.60"
501,2022-01-09,"2,047.00","2,050.30","1,988.00","2,050.30",2.11,"9,174.00","18,539,055.50"
502,2022-01-06,"1,980.00","2,015.00","1,980.00","2,008.00",-0.59,"2,418.00","4,827,318.10"
503,2022-01-05,"2,033.00","2,033.00","1,964.20","2,020.00",1.01,"12,268.00","24,471,892.20"
504,2022-01-04,"1,961.00","1,999.90","1,951.00","1,999.90",1.88,"4,077.00","8,060,841.90"
505,2022-01-03,"1,950.00","1,966.00","1,931.00","1,963.00",0.72,"4,318.00","8,398,328.00"
506,2022-01-02,"1,969.00","1,973.90","1,930.00","1,949.00",0.58,"3,495.00","6,819,249.50"
507,2021-12-29,"1,934.00","1,969.00","1,920.20","1,937.80",-1.78,"3,287.00","6,359,449.60"
508,2021-12-28,"1,948.30","1,980.00","1,930.00","1,973.00",-0.75,"5,040.00","9,794,623.00"
509,2021-12-27,"2,063.00","2,063.00","1,911.20","1,988.00",-1.78,"11,422.00","22,550,691.90"
510,2021-12-26,"1,902.00","2,024.00","1,870.00","2,024.00",8.53,"24,129.00","47,442,910.80"
511,2021-12-23,"1,880.90","1,884.00","1,791.00","1,865.00",0.87,"6,703.00","12,282,984.00"
512,2021-12-22,"1,790.00","1,849.00","1,789.00","1,849.00",2.89,"11,709.00","21,181,265.70"
513,2021-12-21,"1,833.00","1,833.00","1,740.00","1,797.00",-0.11,"6,324.00","11,171,610.90"
514,2021-12-20,"1,745.00","1,817.00","1,740.00","1,799.00",2.74,"4,480.00","7,892,492.00"
515,2021-12-16,"1,800.30","1,800.30","1,751.00","1,751.00",-4.68,"3,732.00","6,651,002.10"
516,2021-12-15,"1,788.40","1,895.00","1,788.40","1,837.00",0.67,"4,620.00","8,429,891.50"
517,2021-12-14,"1,750.00","1,829.90","1,750.00","1,824.80",4.14,"2,547.00","4,533,583.50"
518,2021-12-13,"1,741.00","1,752.30","1,700.00","1,752.30",-1.28,"8,549.00","14,680,039.70"
519,2021-12-12,"1,803.00","1,810.00","1,753.00","1,775.00",-2.74,"10,212.00","18,094,965.00"
520,2021-12-09,"1,847.90","1,847.90","1,790.00","1,825.00",-1.32,"5,751.00","10,415,970.40"
521,2021-12-08,"1,845.00","1,850.00","1,811.00","1,849.50",-1.62,"3,591.00","6,554,558.20"
522,2021-12-07,"1,866.00","1,925.00","1,822.00","1,880.00",1.14,"3,555.00","6,611,632.50"
523,2021-12-06,"1,837.50","1,868.60","1,811.00","1,858.90",-0.86,"3,562.00","6,528,524.00"
524,2021-12-05,"1,845.00","1,875.00","1,840.00","1,875.00",-0.27,"2,836.00","5,264,377.90"
525,2021-12-02,"1,870.00","1,900.00","1,843.00","1,880.00",-1.05,"7,322.00","13,662,098.30"
526,2021-12-01,"1,863.00","1,901.20","1,845.00","1,900.00",2.03,"4,496.00","8,398,638.40"
527,2021-11-30,"1,881.00","1,910.00","1,843.00","1,862.20",-2.86,"5,513.00","10,326,580.10"
528,2021-11-29,"1,920.00","1,925.00","1,848.00","1,917.00",-0.21,"11,947.00","22,526,005.00"
529,2021-11-28,"1,975.00","2,000.00","1,920.00","1,921.10",-4.66,"7,647.00","14,833,685.00"
530,2021-11-25,"2,014.00","2,015.00","1,980.00","2,015.00",0.05,"6,277.00","12,538,219.00"
531,2021-11-24,"1,992.40","2,014.70","1,965.00","2,014.00",-0.93,"3,004.00","5,963,453.00"
532,2021-11-23,"2,010.10","2,037.80","1,976.00","2,033.00",-0.34,"6,670.00","13,321,555.60"
533,2021-11-22,"2,005.50","2,044.90","2,005.00","2,040.00",-0.21,"4,197.00","8,487,533.00"
534,2021-11-21,"2,048.00","2,050.00","2,004.00","2,044.20",0.01,"7,159.00","14,477,008.00"
535,2021-11-18,"2,010.00","2,047.00","1,981.10","2,044.00",-0.29,"1,512.00","3,067,690.40"
536,2021-11-17,"2,034.00","2,070.00","1,975.00","2,050.00",0.79,"10,119.00","20,411,954.50"
537,2021-11-16,"2,005.00","2,039.00","1,985.20","2,034.00",-0.54,"4,653.00","9,312,141.60"
538,2021-11-15,"2,013.00","2,050.00","1,974.70","2,045.00",-0.44,"5,602.00","11,262,647.00"
539,2021-11-14,"1,990.00","2,054.00","1,940.00","2,054.00",1.18,"13,144.00","25,854,150.10"
540,2021-11-11,"2,035.10","2,067.00","1,965.00","2,030.00",-2.22,"9,198.00","18,378,706.00"
541,2021-11-09,"2,052.00","2,076.00","2,015.00","2,076.00",-0.81,"8,952.00","18,217,968.30"
542,2021-11-08,"2,053.00","2,093.00","2,042.00","2,093.00",-0.05,"3,128.00","6,435,732.80"
543,2021-11-03,"2,062.00","2,095.00","2,035.10","2,094.00",-0.48,"9,824.00","20,248,620.20"
544,2021-11-02,"2,075.70","2,104.00","2,050.00","2,104.00",-0.66,"9,183.00","19,022,798.50"
545,2021-11-01,"2,083.00","2,119.00","2,020.00","2,118.00",-0.33,"10,305.00","21,156,782.50"
546,2021-10-31,"2,031.00","2,125.00","2,023.90","2,125.00",2.66,"12,730.00","26,331,862.70"
547,2021-10-28,"2,079.00","2,080.00","1,982.00","2,070.00",1.47,"7,436.00","15,185,467.00"
548,2021-10-27,"1,960.00","2,045.00","1,921.00","2,040.00",2.05,"11,135.00","22,266,842.90"
549,2021-10-26,"1,920.00","1,999.00","1,911.00","1,999.00",2.62,"13,569.00","26,510,914.80"
550,2021-10-25,"1,905.00","1,966.00","1,867.00","1,948.00",3.84,"9,452.00","18,246,220.40"
551,2021-10-24,"1,900.00","1,908.40","1,871.00","1,876.00",-1.32,"4,328.00","8,218,396.80"
552,2021-10-21,"1,916.00","1,916.00","1,878.00","1,901.00",-0.78,"1,463.00","2,762,331.00"
553,2021-10-20,"1,912.00","1,919.50","1,852.00","1,916.00",0.21,"10,764.00","20,234,181.20"
554,2021-10-19,"1,899.30","1,912.00","1,842.40","1,912.00",-1.34,"7,378.00","13,783,967.70"
555,2021-10-18,"1,968.00","1,968.00","1,880.00","1,938.00",-3.44,"6,788.00","12,975,830.50"
556,2021-10-17,"1,896.30","2,007.00","1,865.00","2,007.00",3.72,"5,424.00","10,406,762.60"
557,2021-10-11,"1,901.00","1,940.00","1,860.00","1,935.00",0.01,"7,631.00","14,403,895.50"
558,2021-10-10,"1,980.00","1,980.00","1,873.10","1,934.90",-2.28,"3,690.00","7,056,030.00"
559,2021-10-06,"1,994.00","2,011.00","1,866.00","1,980.00",0.00,"10,592.00","20,273,168.10"
560,2021-10-05,"1,865.00","1,998.90","1,830.00","1,980.00",6.12,"9,812.00","18,820,958.90"
561,2021-10-04,"1,840.00","1,866.00","1,811.00","1,865.90",1.08,"5,138.00","9,400,834.00"
562,2021-10-03,"1,863.00","1,863.00","1,796.20","1,846.00",-2.79,"6,271.00","11,391,738.80"
563,2021-09-30,"1,851.00","1,899.00","1,820.00","1,899.00",0.74,"10,950.00","20,374,054.70"
564,2021-09-29,"1,895.00","1,900.00","1,803.20","1,885.00",1.02,"8,233.00","15,143,348.30"
565,2021-09-28,"1,906.00","1,906.00","1,833.00","1,866.00",-4.01,"7,004.00","12,993,341.30"
566,2021-09-27,"1,960.00","1,960.00","1,881.60","1,944.00",-2.75,"7,925.00","15,028,059.60"
567,2021-09-26,"1,975.00","1,999.00","1,900.00","1,999.00",-0.79,"13,761.00","26,450,562.50"
568,2021-09-23,"1,980.00","2,015.00","1,900.00","2,015.00",1.97,"11,374.00","22,224,528.50"
569,2021-09-22,"1,900.00","2,001.00","1,900.00","1,976.00",2.70,"27,605.00","53,481,822.50"
570,2021-09-21,"1,830.10","1,924.00","1,809.10","1,924.00",4.28,"15,354.00","28,527,177.10"
571,2021-09-20,"1,958.00","1,958.00","1,845.00","1,845.00",-7.61,"14,007.00","26,558,082.00"
572,2021-09-16,"1,980.00","1,997.00","1,897.00","1,997.00",-1.12,"12,513.00","24,278,697.90"
573,2021-09-15,"1,980.10","2,019.60","1,950.00","2,019.60",0.43,"11,094.00","21,953,674.90"
574,2021-09-14,"2,100.00","2,100.00","2,010.00","2,011.00",-3.64,"7,411.00","15,028,803.40"
575,2021-09-13,"2,050.00","2,087.00","2,007.00","2,087.00",1.32,"12,504.00","25,371,669.00"
576,2021-09-12,"2,020.00","2,059.90","1,990.00","2,059.90",1.77,"11,307.00","22,721,460.90"
577,2021-09-09,"2,040.00","2,080.00","1,989.40","2,024.00",1.20,"17,206.00","34,485,582.40"
578,2021-09-08,"2,086.50","2,120.00","2,000.00","2,000.00",-6.06,"16,586.00","33,583,009.10"
579,2021-09-07,"2,111.00","2,130.00","2,050.00","2,129.00",-0.75,"12,570.00","26,159,677.70"
580,2021-09-06,"2,140.00","2,250.00","2,057.00","2,145.00",2.14,"26,182.00","55,476,673.80"
581,2021-09-05,"2,140.00","2,170.00","2,064.00","2,100.00",-3.54,"10,869.00","22,792,430.60"
582,2021-09-02,"2,249.10","2,249.10","2,126.60","2,177.00",-5.14,"23,195.00","49,988,118.70"
583,2021-09-01,"2,165.00","2,295.00","2,135.00","2,295.00",4.37,"21,043.00","45,677,502.70"
584,2021-08-31,"2,240.30","2,280.00","2,175.00","2,199.00",-3.81,"20,044.00","44,104,992.00"
585,2021-08-29,"2,325.00","2,325.00","2,214.80","2,286.00",-1.47,"22,659.00","50,753,536.70"
586,2021-08-26,"2,355.00","2,360.00","2,302.00","2,320.00",-3.33,"18,077.00","41,884,363.50"
587,2021-08-25,"2,460.00","2,460.00","2,325.00","2,400.00",-0.70,"8,915.00","20,897,735.50"
588,2021-08-24,"2,450.00","2,458.00","2,376.20","2,417.00",-1.23,"7,053.00","16,963,365.80"
589,2021-08-19,"2,352.10","2,510.00","2,300.00","2,447.00",2.38,"15,961.00","38,464,871.00"
590,2021-08-18,"2,346.00","2,400.00","2,311.10","2,390.00",1.88,"14,585.00","34,173,594.00"
591,2021-08-17,"2,367.00","2,390.00","2,327.00","2,346.00",-2.25,"9,106.00","21,358,330.00"
592,2021-08-16,"2,390.00","2,405.00","2,360.00","2,400.00",-0.66,"8,730.00","20,716,856.30"
593,2021-08-15,"2,408.00","2,448.00","2,350.00","2,416.00",-1.67,"9,600.00","22,914,895.00"
594,2021-08-12,"2,480.00","2,480.00","2,380.00","2,457.00",-0.66,"17,026.00","41,113,218.80"
595,2021-08-11,"2,443.00","2,477.00","2,405.10","2,473.30",-0.59,"15,914.00","38,659,901.30"
596,2021-08-10,"2,410.00","2,488.00","2,401.00","2,488.00",1.55,"10,490.00","25,476,840.10"
597,2021-08-09,"2,420.00","2,450.00","2,390.00","2,450.00",1.24,"4,617.00","11,145,757.00"
598,2021-08-08,"2,403.00","2,450.00","2,402.00","2,420.00",-1.18,"8,754.00","21,153,414.10"
599,2021-08-05,"2,450.00","2,484.00","2,435.00","2,449.00",-1.80,"2,515.00","6,150,469.10"
600,2021-08-04,"2,480.00","2,495.00","2,463.00","2,494.00",-0.08,"7,145.00","17,680,503.00"
601,2021-08-03,"2,485.00","2,500.00","2,475.00","2,495.90",0.12,"4,085.00","10,155,954.60"
602,2021-08-02,"2,470.00","2,495.00","2,440.00","2,493.00",1.34,"7,346.00","18,101,100.00"
603,2021-08-01,"2,520.00","2,520.00","2,460.00","2,460.00",-2.38,"5,817.00","14,385,930.00"
604,2021-07-29,"2,500.00","2,555.00","2,500.00","2,520.00",-1.10,"9,835.00","24,859,640.00"
605,2021-07-28,"2,450.00","2,548.00","2,440.00","2,548.00",2.33,"16,032.00","39,962,006.60"
606,2021-07-27,"2,495.00","2,495.90","2,401.00","2,490.00",1.76,"10,696.00","26,220,464.00"
607,2021-07-26,"2,402.00","2,447.00","2,386.00","2,447.00",-0.04,"5,210.00","12,645,140.90"
608,2021-07-25,"2,400.00","2,448.00","2,375.00","2,448.00",1.58,"9,863.00","23,771,755.10"
609,2021-07-22,"2,430.00","2,430.00","2,381.60","2,410.00",-1.18,"8,199.00","19,635,749.60"
610,2021-07-20,"2,442.00","2,442.00","2,390.00","2,438.80",-0.13,"4,206.00","10,079,668.50"
611,2021-07-19,"2,458.10","2,459.00","2,390.00","2,442.00",-0.65,"9,319.00","22,534,050.20"
612,2021-07-18,"2,298.00","2,458.00","2,298.00","2,458.00",4.95,"11,156.00","26,760,284.50"
613,2021-07-15,"2,321.00","2,350.00","2,311.00","2,342.00",-0.13,"5,552.00","12,914,135.00"
614,2021-07-14,"2,310.00","2,345.00","2,300.00","2,345.00",1.52,"5,829.00","13,537,033.00"
615,2021-07-13,"2,330.00","2,332.00","2,300.00","2,310.00",-0.94,"7,510.00","17,360,101.00"
616,2021-07-12,"2,390.00","2,398.00","2,298.00","2,332.00",-2.43,"10,543.00","24,746,327.00"
617,2021-07-11,"2,329.00","2,406.00","2,290.00","2,390.00",4.09,"11,600.00","26,855,799.00"
618,2021-07-08,"2,300.00","2,300.00","2,260.00","2,296.00",0.26,"3,866.00","8,833,833.00"
619,2021-07-07,"2,300.00","2,309.00","2,267.00","2,290.00",-0.43,"3,467.00","7,915,328.00"
620,2021-07-06,"2,295.00","2,309.00","2,272.00","2,300.00",0.22,"10,384.00","23,864,652.00"
621,2021-07-05,"2,300.00","2,300.00","2,266.00","2,295.00",-0.65,"14,766.00","33,604,080.00"
622,2021-07-04,"2,320.00","2,344.00","2,271.00","2,310.00",-0.65,"4,304.00","9,885,329.00"
623,2021-07-01,"2,315.00","2,350.00","2,275.00","2,325.00",0.52,"16,981.00","38,931,820.00"
624,2021-06-30,"2,296.00","2,324.00","2,265.00","2,313.00",-1.11,"10,870.00","24,785,697.00"
625,2021-06-29,"2,360.00","2,360.00","2,290.00","2,339.00",-0.76,"6,909.00","15,966,428.00"
626,2021-06-28,"2,436.00","2,436.00","2,326.00","2,357.00",-1.34,"3,882.00","9,125,791.00"
627,2021-06-27,"2,355.00","2,389.00","2,308.00","2,389.00",1.44,"10,824.00","25,293,426.00"
628,2021-06-24,"2,360.00","2,360.00","2,301.00","2,355.00",-0.13,"6,901.00","16,075,470.00"
629,2021-06-23,"2,460.00","2,460.00","2,315.00","2,358.00",-2.64,"15,296.00","35,902,622.00"
630,2021-06-22,"2,400.00","2,428.00","2,355.00","2,422.00",1.34,"9,133.00","21,957,819.00"
631,2021-06-21,"2,409.00","2,495.00","2,372.00","2,390.00",-2.77,"9,173.00","21,953,041.00"
632,2021-06-20,"2,460.00","2,500.00","2,401.00","2,458.00",-0.08,"21,674.00","53,007,452.00"
633,2021-06-17,"2,483.00","2,494.00","2,430.00","2,460.00",0.57,"18,927.00","46,589,243.00"
634,2021-06-16,"2,480.00","2,519.00","2,430.00","2,446.00",-3.28,"22,312.00","55,133,535.00"
635,2021-06-15,"2,511.00","2,540.00","2,471.00","2,529.00",-0.71,"17,605.00","44,134,618.00"
636,2021-06-14,"2,535.00","2,581.00","2,502.00","2,547.00",0.59,"15,346.00","38,854,104.00"
637,2021-06-13,"2,555.00","2,606.00","2,530.00","2,532.00",-0.31,"28,121.00","71,616,139.00"
638,2021-06-10,"2,600.00","2,640.00","2,526.00","2,540.00",-2.68,"14,605.00","37,420,743.00"
639,2021-06-09,"2,755.00","2,755.00","2,543.00","2,610.00",-0.76,"36,198.00","96,828,631.00"
640,2021-06-08,"2,445.00","2,667.00","2,430.00","2,630.00",8.45,"61,692.00","158,954,313.00"
641,2021-06-07,"2,420.00","2,440.00","2,378.00","2,425.00",1.46,"30,643.00","73,979,515.00"
642,2021-06-06,"2,395.00","2,435.00","2,375.00","2,390.00",0.00,"17,511.00","42,027,547.00"
643,2021-06-03,"2,365.00","2,417.00","2,360.00","2,390.00",2.80,"30,910.00","73,595,183.00"
644,2021-06-02,"2,295.00","2,386.00","2,295.00","2,325.00",1.31,"5,832.00","13,595,240.00"
645,2021-06-01,"2,354.00","2,354.00","2,275.00","2,295.00",-0.74,"18,006.00","41,351,556.00"
646,2021-05-31,"2,350.00","2,375.00","2,312.00","2,312.00",-2.03,"8,696.00","20,361,616.00"
647,2021-05-30,"2,400.00","2,420.00","2,311.00","2,360.00",-1.05,"16,516.00","39,407,731.00"
648,2021-05-27,"2,280.00","2,390.00","2,280.00","2,385.00",-0.58,"5,385.00","12,685,348.00"
649,2021-05-25,"2,360.00","2,407.00","2,351.00","2,399.00",1.95,"10,956.00","26,221,097.00"
650,2021-05-24,"2,420.00","2,420.00","2,345.00","2,353.00",-1.30,"8,165.00","19,225,727.00"
651,2021-05-23,"2,345.00","2,397.00","2,299.00","2,384.00",-0.29,"7,359.00","17,320,005.00"
652,2021-05-20,"2,409.00","2,463.00","2,370.00","2,391.00",0.13,"9,412.00","22,693,043.00"
653,2021-05-19,"2,414.00","2,429.00","2,361.00","2,388.00",-0.87,"7,212.00","17,250,783.00"
654,2021-05-18,"2,400.00","2,415.00","2,370.00","2,409.00",-0.33,"8,590.00","20,511,881.00"
655,2021-05-17,"2,440.00","2,449.00","2,397.00","2,417.00",0.08,"10,150.00","24,556,458.00"
656,2021-05-16,"2,340.00","2,415.00","2,335.00","2,415.00",3.65,"13,929.00","33,133,245.00"
657,2021-05-13,"2,301.00","2,330.00","2,301.00","2,330.00",0.69,"11,676.00","27,091,247.00"
658,2021-05-12,"2,250.00","2,339.00","2,250.00","2,314.00",-0.30,"5,795.00","13,353,442.00"
659,2021-05-11,"2,276.00","2,334.00","2,253.00","2,321.00",1.75,"9,885.00","22,864,718.00"
660,2021-05-10,"2,226.00","2,296.00","2,226.00","2,281.00",0.75,"3,148.00","7,171,857.00"
661,2021-05-09,"2,298.00","2,299.00","2,253.00","2,264.00",-0.40,"6,943.00","15,727,498.00"
662,2021-05-06,"2,300.00","2,310.00","2,273.00","2,273.00",-2.19,"2,545.00","5,829,715.00"
663,2021-05-05,"2,302.00","2,325.00","2,302.00","2,324.00",0.96,"6,302.00","14,618,115.00"
664,2021-05-04,"2,290.00","2,320.00","2,260.00","2,302.00",0.31,"7,758.00","17,830,679.00"
665,2021-05-03,"2,404.00","2,404.00","2,276.00","2,295.00",0.22,"13,169.00","30,273,723.00"
666,2021-05-02,"2,207.00","2,300.00","2,207.00","2,290.00",2.51,"8,108.00","18,278,010.00"
667,2021-04-29,"2,155.00","2,243.00","2,149.00","2,234.00",2.01,"9,151.00","19,966,096.00"
668,2021-04-28,"2,185.00","2,244.00","2,126.00","2,190.00",-0.27,"10,043.00","21,748,848.00"
669,2021-04-27,"2,220.00","2,220.00","2,162.00","2,196.00",0.32,"31,707.00","69,319,532.00"
670,2021-04-26,"2,125.00","2,200.00","2,085.00","2,189.00",1.16,"13,745.00","29,127,065.00"
671,2021-04-25,"2,200.00","2,240.00","2,154.00","2,164.00",-3.74,"9,760.00","21,251,637.00"
672,2021-04-22,"2,208.00","2,290.00","2,208.00","2,248.00",-0.09,"6,830.00","15,242,365.00"
673,2021-04-21,"2,335.00","2,335.00","2,200.00","2,250.00",-1.96,"12,957.00","28,882,630.00"
674,2021-04-20,"2,325.00","2,325.00","2,250.00","2,295.00",-1.16,"17,215.00","39,119,683.00"
675,2021-04-19,"2,303.00","2,328.00","2,257.00","2,322.00",-1.15,"13,935.00","31,766,865.00"
676,2021-04-18,"2,360.00","2,360.00","2,300.00","2,349.00",0.09,"9,220.00","21,365,507.00"
677,2021-04-15,"2,363.00","2,387.00","2,344.00","2,347.00",-0.89,"15,979.00","37,761,387.00"
678,2021-04-13,"2,375.00","2,380.00","2,341.00","2,368.00",-1.09,"2,604.00","6,152,362.00"
679,2021-04-12,"2,311.00","2,394.00","2,311.00","2,394.00",1.53,"5,635.00","13,269,253.00"
680,2021-04-08,"2,360.00","2,379.00","2,332.00","2,358.00",0.43,"5,275.00","12,405,863.00"
681,2021-04-07,"2,276.00","2,350.00","2,276.00","2,348.00",1.47,"5,161.00","11,919,708.00"
682,2021-04-06,"2,277.00","2,365.00","2,260.00","2,314.00",-0.39,"3,512.00","8,056,443.00"
683,2021-04-05,"2,301.00","2,323.00","2,262.00","2,323.00",0.96,"8,696.00","19,908,043.00"
684,2021-04-04,"2,281.00","2,316.00","2,281.00","2,301.00",0.39,"10,819.00","24,904,762.00"
685,2021-04-01,"2,300.00","2,315.00","2,260.00","2,292.00",0.97,"10,680.00","24,337,710.00"
686,2021-03-31,"2,305.00","2,305.00","2,270.00","2,270.00",-1.52,"9,283.00","21,150,722.00"
687,2021-03-30,"2,350.00","2,350.00","2,281.00","2,305.00",-0.43,"16,223.00","37,112,727.00"
688,2021-03-29,"2,320.00","2,320.00","2,255.00","2,315.00",0.65,"3,799.00","8,671,844.00"
689,2021-03-25,"2,319.00","2,319.00","2,240.00","2,300.00",0.13,"16,703.00","37,892,711.00"
690,2021-03-24,"2,275.00","2,298.00","2,265.00","2,297.00",1.06,"9,722.00","22,232,692.00"
691,2021-03-23,"2,290.00","2,298.00","2,266.00","2,273.00",-1.26,"22,365.00","51,013,760.00"
692,2021-03-22,"2,400.00","2,400.00","2,290.00","2,302.00",-2.58,"14,085.00","32,644,184.00"
693,2021-03-21,"2,360.00","2,395.00","2,327.00","2,363.00",0.38,"15,935.00","37,610,539.00"
694,2021-03-18,"2,384.00","2,384.00","2,250.00","2,354.00",3.65,"13,736.00","31,778,812.00"
695,2021-03-17,"2,182.00","2,271.00","2,139.00","2,271.00",5.14,"9,431.00","20,675,190.00"
696,2021-03-16,"2,114.00","2,165.00","2,074.00","2,160.00",2.18,"16,056.00","33,884,182.00"
697,2021-03-15,"2,079.00","2,125.00","2,062.00","2,114.00",0.67,"7,159.00","15,026,803.00"
698,2021-03-14,"2,151.00","2,161.00","2,083.00","2,100.00",-4.02,"13,393.00","28,303,357.00"
699,2021-03-10,"2,190.00","2,232.00","2,180.00","2,188.00",-2.02,"3,845.00","8,434,420.00"
700,2021-03-09,"2,190.00","2,260.00","2,159.00","2,233.00",2.01,"13,123.00","28,865,858.00"
701,2021-03-07,"2,270.00","2,270.00","2,177.00","2,189.00",-3.18,"7,484.00","16,525,154.00"
702,2021-03-04,"2,276.00","2,276.00","2,230.00","2,261.00",1.30,"5,444.00","12,305,674.00"
703,2021-03-03,"2,199.00","2,268.00","2,158.00","2,232.00",-0.49,"14,783.00","32,615,620.00"
704,2021-03-02,"2,252.00","2,295.00","2,201.00","2,243.00",-2.31,"11,337.00","25,202,219.00"
705,2021-03-01,"2,135.00","2,304.00","2,135.00","2,296.00",5.81,"13,296.00","29,731,715.00"
706,2021-02-28,"2,211.00","2,244.00","2,166.00","2,170.00",-3.81,"19,024.00","41,869,964.00"
707,2021-02-25,"2,330.00","2,330.00","2,256.00","2,256.00",-3.18,"8,309.00","18,942,009.00"
708,2021-02-24,"2,366.00","2,382.00","2,330.00","2,330.00",0.43,"14,648.00","34,418,177.00"
709,2021-02-23,"2,311.00","2,320.00","2,250.00","2,320.00",-0.90,"19,733.00","44,801,452.00"
710,2021-02-22,"2,426.00","2,426.00","2,331.00","2,341.00",-3.50,"20,306.00","47,789,323.00"
711,2021-02-21,"2,618.00","2,618.00","2,420.00","2,426.00",-3.15,"11,238.00","27,535,139.00"
712,2021-02-18,"2,781.00","2,799.00","2,707.00","2,755.00",-0.25,"40,746.00","111,904,471.00"
713,2021-02-17,"2,770.00","2,800.00","2,725.00","2,762.00",0.07,"24,545.00","67,881,643.00"
714,2021-02-16,"2,685.00","2,760.00","2,685.00","2,760.00",2.99,"37,478.00","102,533,384.00"
715,2021-02-15,"2,592.00","2,680.00","2,571.00","2,680.00",5.30,"36,757.00","97,229,090.00"
716,2021-02-14,"2,558.00","2,570.00","2,482.00","2,545.00",-0.47,"22,124.00","55,953,140.00"
717,2021-02-11,"2,589.00","2,590.00","2,510.00","2,557.00",0.71,"27,774.00","70,873,758.00"
718,2021-02-10,"2,590.00","2,592.00","2,528.00","2,539.00",-1.97,"20,482.00","52,356,052.00"
719,2021-02-09,"2,647.00","2,650.00","2,550.00","2,590.00",-0.27,"22,876.00","58,958,841.00"
720,2021-02-08,"2,550.00","2,650.00","2,540.00","2,597.00",2.65,"32,348.00","84,112,628.00"
721,2021-02-07,"2,501.00","2,545.00","2,482.00","2,530.00",1.77,"26,346.00","66,195,541.00"
722,2021-02-04,"2,500.00","2,525.00","2,407.00","2,486.00",-0.36,"17,472.00","43,446,066.00"
723,2021-02-03,"2,515.00","2,575.00","2,476.00","2,495.00",-1.93,"24,077.00","60,830,168.00"
724,2021-02-02,"2,490.00","2,545.00","2,480.00","2,544.00",1.92,"28,030.00","70,917,503.00"
725,2021-02-01,"2,440.00","2,538.00","2,410.00","2,496.00",4.26,"46,953.00","115,762,841.00"
726,2021-01-31,"2,472.00","2,510.00","2,382.00","2,394.00",-5.08,"65,355.00","159,043,786.00"
727,2021-01-28,"2,577.00","2,628.00","2,508.00","2,522.00",2.73,"43,114.00","110,330,068.00"
728,2021-01-27,"2,341.00","2,460.00","2,307.00","2,455.00",4.91,"33,476.00","80,725,401.00"
729,2021-01-26,"2,345.00","2,391.00","2,323.00","2,340.00",-1.27,"24,398.00","57,182,572.00"
730,2021-01-25,"2,436.00","2,436.00","2,356.00","2,370.00",-1.58,"23,266.00","55,540,671.00"
731,2021-01-24,"2,481.00","2,481.00","2,406.00","2,408.00",-2.90,"24,433.00","59,469,235.00"
732,2021-01-21,"2,415.00","2,490.00","2,415.00","2,480.00",3.42,"22,038.00","54,356,018.00"
733,2021-01-20,"2,240.00","2,400.00","2,240.00","2,398.00",7.05,"28,560.00","66,465,097.00"
734,2021-01-19,"2,275.00","2,277.00","2,221.00","2,240.00",-1.54,"28,820.00","64,804,250.00"
735,2021-01-18,"2,279.00","2,279.00","2,205.00","2,275.00",1.79,"50,108.00","111,611,453.00"
736,2021-01-17,"2,200.00","2,244.00","2,185.00","2,235.00",1.82,"22,713.00","50,240,076.00"
737,2021-01-13,"2,140.00","2,244.00","2,140.00","2,195.00",2.81,"23,580.00","51,838,127.00"
738,2021-01-12,"2,040.00","2,150.00","2,032.00","2,135.00",4.66,"40,946.00","86,004,032.00"
739,2021-01-11,"2,030.00","2,050.00","1,993.00","2,040.00",1.29,"11,756.00","23,782,769.00"
740,2021-01-10,"2,010.00","2,040.00","2,000.00","2,014.00",0.70,"11,096.00","22,307,434.00"
741,2021-01-07,"1,995.00","2,021.00","1,980.00","2,000.00",0.50,"34,197.00","68,436,921.00"
742,2021-01-06,"1,995.00","1,995.00","1,960.00","1,990.00",0.25,"16,489.00","32,446,577.00"
743,2021-01-05,"1,975.00","2,008.00","1,970.00","1,985.00",-0.25,"18,258.00","36,245,426.00"
744,2021-01-04,"2,084.00","2,084.00","1,974.00","1,990.00",0.25,"24,018.00","48,177,994.00"
745,2021-01-03,"1,927.00","2,010.00","1,927.00","1,985.00",3.01,"11,296.00","22,397,204.00"
746,2020-12-31,"1,900.00","1,976.00","1,897.00","1,927.00",1.42,"12,597.00","24,246,912.00"
747,2020-12-30,"1,905.00","1,917.00","1,881.00","1,900.00",0.58,"4,184.00","7,947,573.00"
748,2020-12-29,"1,880.00","1,921.00","1,870.00","1,889.00",0.27,"8,762.00","16,564,848.00"
749,2020-12-28,"1,850.00","1,920.00","1,850.00","1,884.00",-0.05,"4,882.00","9,182,704.00"
750,2020-12-27,"1,950.00","1,950.00","1,884.00","1,885.00",-3.83,"14,975.00","28,511,817.00"
751,2020-12-24,"1,995.00","2,014.00","1,941.00","1,960.00",-3.69,"19,030.00","37,484,236.00"
752,2020-12-23,"2,136.00","2,184.00","2,000.00","2,035.00",0.00,"51,167.00","106,617,716.00"
753,2020-12-22,"1,851.00","2,068.00","1,851.00","2,035.00",8.24,"24,289.00","47,465,828.00"
754,2020-12-21,"1,823.00","1,962.00","1,800.00","1,880.00",1.08,"22,343.00","41,088,890.00"
755,2020-12-20,"1,975.00","1,975.00","1,820.00","1,860.00",-5.58,"39,847.00","74,177,743.00"
756,2020-12-17,"2,000.00","2,035.00","1,940.00","1,970.00",-2.52,"32,222.00","63,533,770.00"
757,2020-12-16,"2,040.00","2,060.00","2,006.00","2,021.00",-1.99,"13,276.00","26,940,715.00"
758,2020-12-15,"2,090.00","2,170.00","2,050.00","2,062.00",-1.34,"20,148.00","42,092,965.00"
759,2020-12-14,"2,011.00","2,110.00","2,000.00","2,090.00",5.98,"48,926.00","100,393,801.00"
760,2020-12-13,"1,900.00","1,985.00","1,900.00","1,972.00",4.95,"26,671.00","51,980,860.00"
761,2020-12-10,"1,857.00","1,908.00","1,820.00","1,879.00",-0.79,"13,284.00","25,053,448.00"
762,2020-12-09,"1,906.00","1,906.00","1,840.00","1,894.00",-2.57,"22,883.00","42,952,799.00"
763,2020-12-08,"1,977.00","1,977.00","1,900.00","1,944.00",-1.67,"23,127.00","44,702,570.00"
764,2020-12-07,"1,818.00","1,977.00","1,804.00","1,977.00",6.58,"31,866.00","59,567,120.00"
765,2020-12-06,"1,931.00","1,947.00","1,853.00","1,855.00",-5.84,"42,902.00","81,253,376.00"
766,2020-12-03,"1,987.00","1,987.00","1,874.00","1,970.00",1.08,"32,774.00","63,360,493.00"
767,2020-12-02,"1,876.00","2,046.00","1,855.00","1,949.00",4.78,"42,698.00","81,309,475.00"
768,2020-12-01,"1,848.00","1,880.00","1,805.00","1,860.00",1.14,"44,011.00","80,873,055.00"
769,2020-11-30,"1,721.00","1,839.00","1,698.00","1,839.00",7.92,"41,701.00","72,414,873.00"
770,2020-11-29,"1,662.00","1,705.00","1,640.00","1,704.00",2.53,"47,905.00","80,195,571.00"
771,2020-11-26,"1,671.00","1,689.00","1,608.00","1,662.00",-0.54,"77,938.00","128,989,421.00"
772,2020-11-25,"1,660.00","1,677.00","1,635.00","1,671.00",2.58,"18,772.00","31,144,772.00"
773,2020-11-24,"1,615.00","1,660.00","1,615.00","1,629.00",0.87,"18,235.00","29,786,776.00"
774,2020-11-23,"1,636.00","1,645.00","1,600.00","1,615.00",-2.71,"16,559.00","26,821,499.00"
775,2020-11-22,"1,705.00","1,719.00","1,623.00","1,660.00",-2.06,"25,908.00","43,569,538.00"
776,2020-11-19,"1,698.00","1,765.00","1,695.00","1,695.00",1.80,"28,124.00","48,128,870.00"
777,2020-11-18,"1,575.00","1,675.00","1,575.00","1,665.00",6.05,"36,108.00","59,257,003.00"
778,2020-11-12,"1,575.00","1,584.00","1,557.00","1,570.00",0.38,"29,447.00","46,377,031.00"
779,2020-11-11,"1,570.00","1,580.00","1,540.00","1,564.00",0.13,"10,615.00","16,573,988.00"
780,2020-11-10,"1,501.00","1,563.00","1,501.00","1,562.00",4.83,"20,586.00","31,701,284.00"
781,2020-11-09,"1,523.00","1,533.00","1,490.00","1,490.00",-0.86,"6,001.00","9,077,492.00"
782,2020-11-08,"1,501.00","1,505.00","1,486.00","1,503.00",0.27,"10,088.00","15,074,506.00"
783,2020-11-05,"1,499.00","1,505.00","1,481.00","1,499.00",0.00,"2,723.00","4,075,795.00"
784,2020-11-04,"1,504.00","1,507.00","1,499.00","1,499.00",-0.33,"3,288.00","4,939,111.00"
785,2020-11-03,"1,504.00","1,510.00","1,500.00","1,504.00",0.07,"3,272.00","4,914,437.00"
786,2020-11-02,"1,493.00","1,519.00","1,493.00","1,503.00",-0.33,"1,593.00","2,386,838.00"
787,2020-11-01,"1,492.00","1,521.00","1,492.00","1,508.00",0.13,"3,147.00","4,750,003.00"
788,2020-10-29,"1,505.00","1,515.00","1,496.00","1,506.00",0.53,"3,171.00","4,761,911.00"
789,2020-10-28,"1,495.00","1,500.00","1,485.00","1,498.00",0.27,"2,339.00","3,501,646.00"
790,2020-10-22,"1,497.00","1,505.00","1,479.00","1,494.00",-0.33,"4,509.00","6,737,334.00"
791,2020-10-21,"1,499.00","1,499.00","1,478.00","1,499.00",0.00,"12,579.00","18,629,914.00"
792,2020-10-20,"1,461.00","1,499.00","1,461.00","1,499.00",1.08,"2,576.00","3,801,783.00"
793,2020-10-19,"1,470.00","1,485.00","1,470.00","1,483.00",0.27,"2,415.00","3,563,680.00"
794,2020-10-18,"1,446.00","1,479.00","1,446.00","1,479.00",1.79,"2,057.00","3,019,827.00"
795,2020-10-15,"1,534.00","1,534.00","1,453.00","1,453.00",-0.55,"1,718.00","2,510,188.00"
796,2020-10-14,"1,463.00","1,465.00","1,461.00","1,461.00",-0.68,907.00,"1,326,663.00"
797,2020-10-13,"1,466.00","1,472.00","1,465.00","1,471.00",-1.21,"1,970.00","2,888,876.00"
798,2020-10-12,"1,469.00","1,489.00","1,458.00","1,489.00",1.36,"7,805.00","11,531,661.00"
799,2020-10-11,"1,490.00","1,490.00","1,460.00","1,469.00",-0.68,"7,101.00","10,393,877.00"
800,2020-10-08,"1,480.00","1,485.00","1,470.00","1,479.00",-0.54,"3,918.00","5,779,340.00"
801,2020-10-07,"1,480.00","1,487.00","1,470.00","1,487.00",0.81,"3,737.00","5,511,461.00"
802,2020-10-06,"1,490.00","1,490.00","1,475.00","1,475.00",-0.74,"2,578.00","3,809,780.00"
803,2020-10-05,"1,480.00","1,500.00","1,480.00","1,486.00",-0.80,"4,112.00","6,108,500.00"
804,2020-10-04,"1,504.00","1,504.00","1,474.00","1,498.00",1.56,"12,326.00","18,309,515.00"
805,2020-10-01,"1,487.00","1,487.00","1,465.00","1,475.00",1.10,"2,701.00","3,971,031.00"
806,2020-09-30,"1,470.00","1,487.00","1,454.00","1,459.00",-0.75,"3,968.00","5,792,290.00"
807,2020-09-29,"1,467.00","1,480.00","1,465.00","1,470.00",-0.68,"4,381.00","6,439,224.00"
808,2020-09-28,"1,500.00","1,500.00","1,470.00","1,480.00",-0.34,"3,884.00","5,800,633.00"
809,2020-09-27,"1,499.00","1,499.00","1,480.00","1,485.00",-1.00,"9,823.00","14,564,279.00"
810,2020-09-24,"1,515.00","1,515.00","1,500.00","1,500.00",-1.19,"3,033.00","4,562,579.00"
811,2020-09-23,"1,477.00","1,518.00","1,477.00","1,518.00",1.88,"7,739.00","11,610,439.00"
812,2020-09-22,"1,500.00","1,500.00","1,471.00","1,490.00",-0.67,"12,738.00","18,898,796.00"
813,2020-09-21,"1,487.00","1,527.00","1,487.00","1,500.00",0.13,"6,488.00","9,752,490.00"
814,2020-09-20,"1,549.00","1,549.00","1,498.00","1,498.00",-1.45,"6,381.00","9,674,166.00"
815,2020-09-17,"1,515.00","1,535.00","1,515.00","1,520.00",-1.04,"11,483.00","17,551,088.00"
816,2020-09-16,"1,520.00","1,540.00","1,520.00","1,536.00",-0.13,"10,674.00","16,364,285.00"
817,2020-09-15,"1,506.00","1,545.00","1,506.00","1,538.00",0.13,"12,649.00","19,368,153.00"
818,2020-09-14,"1,561.00","1,599.00","1,535.00","1,536.00",-1.60,"22,753.00","35,580,653.00"
819,2020-09-13,"1,500.00","1,561.00","1,493.00","1,561.00",5.12,"29,434.00","44,969,867.00"
820,2020-09-10,"1,504.00","1,504.00","1,475.00","1,485.00",0.68,"8,523.00","12,656,683.00"
821,2020-09-09,"1,445.00","1,488.00","1,445.00","1,475.00",1.94,"7,094.00","10,434,630.00"
822,2020-09-08,"1,479.00","1,479.00","1,446.00","1,447.00",-0.89,"6,861.00","9,970,309.00"
823,2020-09-07,"1,469.00","1,470.00","1,450.00","1,460.00",-0.95,"6,574.00","9,606,470.00"
824,2020-09-06,"1,500.00","1,520.00","1,460.00","1,474.00",-0.41,"8,945.00","13,225,149.00"
825,2020-09-03,"1,460.00","1,480.00","1,452.00","1,480.00",0.54,"7,973.00","11,722,886.00"
826,2020-09-02,"1,500.00","1,515.00","1,470.00","1,472.00",-0.61,"98,268.00","146,013,680.00"
827,2020-08-31,"1,450.00","1,500.00","1,445.00","1,481.00",1.37,"20,815.00","30,662,621.00"
828,2020-08-30,"1,452.00","1,469.00","1,449.00","1,461.00",-1.22,"13,004.00","18,886,944.00"
829,2020-08-27,"1,476.00","1,488.00","1,463.00","1,479.00",0.20,"12,534.00","18,516,244.00"
830,2020-08-26,"1,490.00","1,504.00","1,476.00","1,476.00",-1.60,"26,459.00","39,560,667.00"
831,2020-08-25,"1,470.00","1,509.00","1,470.00","1,500.00",1.01,"15,501.00","23,063,778.00"
832,2020-08-24,"1,480.00","1,495.00","1,475.00","1,485.00",0.61,"8,912.00","13,212,438.00"
833,2020-08-23,"1,460.00","1,480.00","1,435.00","1,476.00",1.10,"8,303.00","12,138,891.00"
834,2020-08-20,"1,458.00","1,460.00","1,449.00","1,460.00",1.04,"1,559.00","2,265,860.00"
835,2020-08-19,"1,432.00","1,450.00","1,432.00","1,445.00",-1.10,"7,424.00","10,732,570.00"
836,2020-08-18,"1,480.00","1,480.00","1,454.00","1,461.00",0.69,"7,688.00","11,222,712.00"
837,2020-08-17,"1,443.00","1,458.00","1,440.00","1,451.00",0.48,"4,217.00","6,105,169.00"
838,2020-08-16,"1,430.00","1,451.00","1,430.00","1,444.00",-0.41,"4,316.00","6,212,990.00"
839,2020-08-13,"1,455.00","1,463.00","1,450.00","1,450.00",-1.36,"11,660.00","16,960,164.00"
840,2020-08-12,"1,442.00","1,470.00","1,442.00","1,470.00",1.03,"7,537.00","11,015,079.00"
841,2020-08-11,"1,450.00","1,466.00","1,430.00","1,455.00",0.34,"11,749.00","17,112,944.00"
842,2020-08-10,"1,443.00","1,452.00","1,418.00","1,450.00",2.47,"19,127.00","27,615,264.00"
843,2020-08-09,"1,397.00","1,419.00","1,395.00","1,415.00",1.29,"5,105.00","7,156,552.00"
844,2020-08-06,"1,386.00","1,399.00","1,386.00","1,397.00",-0.07,"7,014.00","9,763,363.00"
845,2020-08-05,"1,400.00","1,415.00","1,392.00","1,398.00",-1.41,"9,326.00","13,055,977.00"
846,2020-08-03,"1,405.00","1,431.00","1,405.00","1,418.00",0.50,"6,482.00","9,172,300.00"
847,2020-08-02,"1,429.00","1,440.00","1,404.00","1,411.00",-3.02,"15,547.00","22,115,222.00"
848,2020-07-30,"1,450.00","1,465.00","1,420.00","1,455.00",0.69,"5,311.00","7,665,684.00"
849,2020-07-29,"1,485.00","1,485.00","1,440.00","1,445.00",-2.03,"11,089.00","16,109,220.00"
850,2020-07-28,"1,490.00","1,500.00","1,473.00","1,475.00",-0.87,"5,066.00","7,523,682.00"
851,2020-07-27,"1,521.00","1,521.00","1,467.00","1,488.00",-0.27,"19,305.00","28,814,448.00"
852,2020-07-26,"1,461.00","1,500.00","1,460.00","1,492.00",2.54,"15,385.00","22,811,084.00"
853,2020-07-23,"1,401.00","1,455.00","1,401.00","1,455.00",3.85,"5,953.00","8,546,161.00"
854,2020-07-22,"1,442.00","1,442.00","1,401.00","1,401.00",-0.99,"6,338.00","8,974,959.00"
855,2020-07-21,"1,436.00","1,450.00","1,410.00","1,415.00",-1.46,"6,793.00","9,673,941.00"
856,2020-07-20,"1,489.00","1,548.00","1,423.00","1,436.00",1.20,"17,713.00","25,849,968.00"
857,2020-07-19,"1,392.00","1,419.00","1,392.00","1,419.00",3.96,110.00,"153,390.00"
858,2020-07-16,"1,335.00","1,375.00","1,335.00","1,365.00",2.63,"6,366.00","8,616,234.00"
859,2020-07-15,"1,345.00","1,350.00","1,330.00","1,330.00",-1.04,"3,250.00","4,352,514.00"
860,2020-07-14,"1,340.00","1,345.00","1,324.00","1,344.00",0.45,"10,572.00","14,116,359.00"
861,2020-07-13,"1,365.00","1,375.00","1,332.00","1,338.00",-0.89,"6,832.00","9,223,847.00"
862,2020-07-12,"1,347.00","1,360.00","1,323.00","1,350.00",2.12,"10,013.00","13,503,433.00"
863,2020-07-09,"1,310.00","1,330.00","1,284.00","1,322.00",0.92,"3,811.00","4,982,105.00"
864,2020-07-08,"1,325.00","1,351.00","1,310.00","1,310.00",-2.24,"5,810.00","7,673,110.00"
865,2020-07-07,"1,315.00","1,367.00","1,312.00","1,340.00",3.88,"9,619.00","12,884,110.00"
866,2020-07-06,"1,250.00","1,290.00","1,246.00","1,290.00",3.20,"5,285.00","6,739,678.00"
867,2020-07-05,"1,249.00","1,274.00","1,226.00","1,250.00",1.71,"5,101.00","6,368,183.00"
868,2020-07-02,"1,326.00","1,326.00","1,181.00","1,229.00",-5.46,"1,115.00","1,397,995.00"
869,2020-07-01,"1,275.00","1,300.00","1,250.00","1,300.00",4.00,"4,435.00","5,654,550.00"
870,2020-06-30,"1,165.00","1,250.00","1,165.00","1,250.00",9.36,"3,699.00","4,521,142.00"
871,2020-06-29,"1,093.00","1,122.00","1,010.00","1,143.00",-1.35,"2,257.00","2,454,644.00"
872,2020-05-12,"1,115.00","1,115.00","1,115.00","1,115.00",-1.93,10.00,"11,150.00"
873,2020-03-22,"1,203.00","1,203.00","1,137.00","1,137.00",-3.64,"3,336.00","3,826,351.00"
874,2020-03-19,"1,155.00","1,224.00","1,130.00","1,180.00",0.43,"23,180.00","27,218,548.00"
875,2020-03-18,"1,190.00","1,259.00","1,150.00","1,175.00",-2.25,"15,774.00","18,660,112.00"
876,2020-03-17,"1,300.00","1,300.00","1,201.00","1,202.00",-7.54,"16,455.00","20,302,280.00"
877,2020-03-16,"1,280.00","1,310.00","1,263.00","1,300.00",1.48,"14,360.00","18,533,114.00"
878,2020-03-15,"1,372.00","1,396.00","1,281.00","1,281.00",-8.50,"22,310.00","29,678,396.00"
879,2020-03-12,"1,450.00","1,450.00","1,374.00","1,400.00",-2.37,"16,361.00","22,954,512.00"
880,2020-03-11,"1,377.00","1,438.00","1,354.00","1,434.00",6.22,"23,545.00","33,038,908.00"
861,2020-07-13,"1,365.00","1,375.00","1,332.00","1,338.00",-0.89,"6,832.00","9,223,847.00"
862,2020-07-12,"1,347.00","1,360.00","1,323.00","1,350.00",2.12,"10,013.00","13,503,433.00"
863,2020-07-09,"1,310.00","1,330.00","1,284.00","1,322.00",0.92,"3,811.00","4,982,105.00"
864,2020-07-08,"1,325.00","1,351.00","1,310.00","1,310.00",-2.24,"5,810.00","7,673,110.00"
865,2020-07-07,"1,315.00","1,367.00","1,312.00","1,340.00",3.88,"9,619.00","12,884,110.00"
866,2020-07-06,"1,250.00","1,290.00","1,246.00","1,290.00",3.20,"5,285.00","6,739,678.00"
867,2020-07-05,"1,249.00","1,274.00","1,226.00","1,250.00",1.71,"5,101.00","6,368,183.00"
868,2020-07-02,"1,326.00","1,326.00","1,181.00","1,229.00",-5.46,"1,115.00","1,397,995.00"
869,2020-07-01,"1,275.00","1,300.00","1,250.00","1,300.00",4.00,"4,435.00","5,654,550.00"
870,2020-06-30,"1,165.00","1,250.00","1,165.00","1,250.00",9.36,"3,699.00","4,521,142.00"
871,2020-06-29,"1,093.00","1,122.00","1,010.00","1,143.00",-1.35,"2,257.00","2,454,644.00"
872,2020-05-12,"1,115.00","1,115.00","1,115.00","1,115.00",-1.93,10.00,"11,150.00"
873,2020-03-22,"1,203.00","1,203.00","1,137.00","1,137.00",-3.64,"3,336.00","3,826,351.00"
874,2020-03-19,"1,155.00","1,224.00","1,130.00","1,180.00",0.43,"23,180.00","27,218,548.00"
875,2020-03-18,"1,190.00","1,259.00","1,150.00","1,175.00",-2.25,"15,774.00","18,660,112.00"
876,2020-03-17,"1,300.00","1,300.00","1,201.00","1,202.00",-7.54,"16,455.00","20,302,280.00"
877,2020-03-16,"1,280.00","1,310.00","1,263.00","1,300.00",1.48,"14,360.00","18,533,114.00"
878,2020-03-15,"1,372.00","1,396.00","1,281.00","1,281.00",-8.50,"22,310.00","29,678,396.00"
879,2020-03-12,"1,450.00","1,450.00","1,374.00","1,400.00",-2.37,"16,361.00","22,954,512.00"
880,2020-03-11,"1,377.00","1,438.00","1,354.00","1,434.00",6.22,"23,545.00","33,038,908.00"
861,2020-07-13,"1,365.00","1,375.00","1,332.00","1,338.00",-0.89,"6,832.00","9,223,847.00"
862,2020-07-12,"1,347.00","1,360.00","1,323.00","1,350.00",2.12,"10,013.00","13,503,433.00"
863,2020-07-09,"1,310.00","1,330.00","1,284.00","1,322.00",0.92,"3,811.00","4,982,105.00"
864,2020-07-08,"1,325.00","1,351.00","1,310.00","1,310.00",-2.24,"5,810.00","7,673,110.00"
865,2020-07-07,"1,315.00","1,367.00","1,312.00","1,340.00",3.88,"9,619.00","12,884,110.00"
866,2020-07-06,"1,250.00","1,290.00","1,246.00","1,290.00",3.20,"5,285.00","6,739,678.00"
867,2020-07-05,"1,249.00","1,274.00","1,226.00","1,250.00",1.71,"5,101.00","6,368,183.00"
868,2020-07-02,"1,326.00","1,326.00","1,181.00","1,229.00",-5.46,"1,115.00","1,397,995.00"
869,2020-07-01,"1,275.00","1,300.00","1,250.00","1,300.00",4.00,"4,435.00","5,654,550.00"
870,2020-06-30,"1,165.00","1,250.00","1,165.00","1,250.00",9.36,"3,699.00","4,521,142.00"
871,2020-06-29,"1,093.00","1,122.00","1,010.00","1,143.00",-1.35,"2,257.00","2,454,644.00"
872,2020-05-12,"1,115.00","1,115.00","1,115.00","1,115.00",-1.93,10.00,"11,150.00"
873,2020-03-22,"1,203.00","1,203.00","1,137.00","1,137.00",-3.64,"3,336.00","3,826,351.00"
874,2020-03-19,"1,155.00","1,224.00","1,130.00","1,180.00",0.43,"23,180.00","27,218,548.00"
875,2020-03-18,"1,190.00","1,259.00","1,150.00","1,175.00",-2.25,"15,774.00","18,660,112.00"
876,2020-03-17,"1,300.00","1,300.00","1,201.00","1,202.00",-7.54,"16,455.00","20,302,280.00"
877,2020-03-16,"1,280.00","1,310.00","1,263.00","1,300.00",1.48,"14,360.00","18,533,114.00"
878,2020-03-15,"1,372.00","1,396.00","1,281.00","1,281.00",-8.50,"22,310.00","29,678,396.00"
879,2020-03-12,"1,450.00","1,450.00","1,374.00","1,400.00",-2.37,"16,361.00","22,954,512.00"
880,2020-03-11,"1,377.00","1,438.00","1,354.00","1,434.00",6.22,"23,545.00","33,038,908.00"
861,2020-07-13,"1,365.00","1,375.00","1,332.00","1,338.00",-0.89,"6,832.00","9,223,847.00"
862,2020-07-12,"1,347.00","1,360.00","1,323.00","1,350.00",2.12,"10,013.00","13,503,433.00"
863,2020-07-09,"1,310.00","1,330.00","1,284.00","1,322.00",0.92,"3,811.00","4,982,105.00"
864,2020-07-08,"1,325.00","1,351.00","1,310.00","1,310.00",-2.24,"5,810.00","7,673,110.00"
865,2020-07-07,"1,315.00","1,367.00","1,312.00","1,340.00",3.88,"9,619.00","12,884,110.00"
866,2020-07-06,"1,250.00","1,290.00","1,246.00","1,290.00",3.20,"5,285.00","6,739,678.00"
867,2020-07-05,"1,249.00","1,274.00","1,226.00","1,250.00",1.71,"5,101.00","6,368,183.00"
868,2020-07-02,"1,326.00","1,326.00","1,181.00","1,229.00",-5.46,"1,115.00","1,397,995.00"
869,2020-07-01,"1,275.00","1,300.00","1,250.00","1,300.00",4.00,"4,435.00","5,654,550.00"
870,2020-06-30,"1,165.00","1,250.00","1,165.00","1,250.00",9.36,"3,699.00","4,521,142.00"
871,2020-06-29,"1,093.00","1,122.00","1,010.00","1,143.00",-1.35,"2,257.00","2,454,644.00"
872,2020-05-12,"1,115.00","1,115.00","1,115.00","1,115.00",-1.93,10.00,"11,150.00"
873,2020-03-22,"1,203.00","1,203.00","1,137.00","1,137.00",-3.64,"3,336.00","3,826,351.00"
874,2020-03-19,"1,155.00","1,224.00","1,130.00","1,180.00",0.43,"23,180.00","27,218,548.00"
875,2020-03-18,"1,190.00","1,259.00","1,150.00","1,175.00",-2.25,"15,774.00","18,660,112.00"
876,2020-03-17,"1,300.00","1,300.00","1,201.00","1,202.00",-7.54,"16,455.00","20,302,280.00"
877,2020-03-16,"1,280.00","1,310.00","1,263.00","1,300.00",1.48,"14,360.00","18,533,114.00"
878,2020-03-15,"1,372.00","1,396.00","1,281.00","1,281.00",-8.50,"22,310.00","29,678,396.00"
879,2020-03-12,"1,450.00","1,450.00","1,374.00","1,400.00",-2.37,"16,361.00","22,954,512.00"
880,2020-03-11,"1,377.00","1,438.00","1,354.00","1,434.00",6.22,"23,545.00","33,038,908.00"
861,2020-07-13,"1,365.00","1,375.00","1,332.00","1,338.00",-0.89,"6,832.00","9,223,847.00"
862,2020-07-12,"1,347.00","1,360.00","1,323.00","1,350.00",2.12,"10,013.00","13,503,433.00"
863,2020-07-09,"1,310.00","1,330.00","1,284.00","1,322.00",0.92,"3,811.00","4,982,105.00"
864,2020-07-08,"1,325.00","1,351.00","1,310.00","1,310.00",-2.24,"5,810.00","7,673,110.00"
865,2020-07-07,"1,315.00","1,367.00","1,312.00","1,340.00",3.88,"9,619.00","12,884,110.00"
866,2020-07-06,"1,250.00","1,290.00","1,246.00","1,290.00",3.20,"5,285.00","6,739,678.00"
867,2020-07-05,"1,249.00","1,274.00","1,226.00","1,250.00",1.71,"5,101.00","6,368,183.00"
868,2020-07-02,"1,326.00","1,326.00","1,181.00","1,229.00",-5.46,"1,115.00","1,397,995.00"
869,2020-07-01,"1,275.00","1,300.00","1,250.00","1,300.00",4.00,"4,435.00","5,654,550.00"
870,2020-06-30,"1,165.00","1,250.00","1,165.00","1,250.00",9.36,"3,699.00","4,521,142.00"
871,2020-06-29,"1,093.00","1,122.00","1,010.00","1,143.00",-1.35,"2,257.00","2,454,644.00"
872,2020-05-12,"1,115.00","1,115.00","1,115.00","1,115.00",-1.93,10.00,"11,150.00"
873,2020-03-22,"1,203.00","1,203.00","1,137.00","1,137.00",-3.64,"3,336.00","3,826,351.00"
874,2020-03-19,"1,155.00","1,224.00","1,130.00","1,180.00",0.43,"23,180.00","27,218,548.00"
875,2020-03-18,"1,190.00","1,259.00","1,150.00","1,175.00",-2.25,"15,774.00","18,660,112.00"
876,2020-03-17,"1,300.00","1,300.00","1,201.00","1,202.00",-7.54,"16,455.00","20,302,280.00"
877,2020-03-16,"1,280.00","1,310.00","1,263.00","1,300.00",1.48,"14,360.00","18,533,114.00"
878,2020-03-15,"1,372.00","1,396.00","1,281.00","1,281.00",-8.50,"22,310.00","29,678,396.00"
879,2020-03-12,"1,450.00","1,450.00","1,374.00","1,400.00",-2.37,"16,361.00","22,954,512.00"
880,2020-03-11,"1,377.00","1,438.00","1,354.00","1,434.00",6.22,"23,545.00","33,038,908.00"
861,2020-07-13,"1,365.00","1,375.00","1,332.00","1,338.00",-0.89,"6,832.00","9,223,847.00"
862,2020-07-12,"1,347.00","1,360.00","1,323.00","1,350.00",2.12,"10,013.00","13,503,433.00"
863,2020-07-09,"1,310.00","1,330.00","1,284.00","1,322.00",0.92,"3,811.00","4,982,105.00"
864,2020-07-08,"1,325.00","1,351.00","1,310.00","1,310.00",-2.24,"5,810.00","7,673,110.00"
865,2020-07-07,"1,315.00","1,367.00","1,312.00","1,340.00",3.88,"9,619.00","12,884,110.00"
866,2020-07-06,"1,250.00","1,290.00","1,246.00","1,290.00",3.20,"5,285.00","6,739,678.00"
867,2020-07-05,"1,249.00","1,274.00","1,226.00","1,250.00",1.71,"5,101.00","6,368,183.00"
868,2020-07-02,"1,326.00","1,326.00","1,181.00","1,229.00",-5.46,"1,115.00","1,397,995.00"
869,2020-07-01,"1,275.00","1,300.00","1,250.00","1,300.00",4.00,"4,435.00","5,654,550.00"
870,2020-06-30,"1,165.00","1,250.00","1,165.00","1,250.00",9.36,"3,699.00","4,521,142.00"
871,2020-06-29,"1,093.00","1,122.00","1,010.00","1,143.00",-1.35,"2,257.00","2,454,644.00"
872,2020-05-12,"1,115.00","1,115.00","1,115.00","1,115.00",-1.93,10.00,"11,150.00"
873,2020-03-22,"1,203.00","1,203.00","1,137.00","1,137.00",-3.64,"3,336.00","3,826,351.00"
874,2020-03-19,"1,155.00","1,224.00","1,130.00","1,180.00",0.43,"23,180.00","27,218,548.00"
875,2020-03-18,"1,190.00","1,259.00","1,150.00","1,175.00",-2.25,"15,774.00","18,660,112.00"
876,2020-03-17,"1,300.00","1,300.00","1,201.00","1,202.00",-7.54,"16,455.00","20,302,280.00"
877,2020-03-16,"1,280.00","1,310.00","1,263.00","1,300.00",1.48,"14,360.00","18,533,114.00"
878,2020-03-15,"1,372.00","1,396.00","1,281.00","1,281.00",-8.50,"22,310.00","29,678,396.00"
879,2020-03-12,"1,450.00","1,450.00","1,374.00","1,400.00",-2.37,"16,361.00","22,954,512.00"
880,2020-03-11,"1,377.00","1,438.00","1,354.00","1,434.00",6.22,"23,545.00","33,038,908.00"
861,2020-07-13,"1,365.00","1,375.00","1,332.00","1,338.00",-0.89,"6,832.00","9,223,847.00"
862,2020-07-12,"1,347.00","1,360.00","1,323.00","1,350.00",2.12,"10,013.00","13,503,433.00"
863,2020-07-09,"1,310.00","1,330.00","1,284.00","1,322.00",0.92,"3,811.00","4,982,105.00"
864,2020-07-08,"1,325.00","1,351.00","1,310.00","1,310.00",-2.24,"5,810.00","7,673,110.00"
865,2020-07-07,"1,315.00","1,367.00","1,312.00","1,340.00",3.88,"9,619.00","12,884,110.00"
866,2020-07-06,"1,250.00","1,290.00","1,246.00","1,290.00",3.20,"5,285.00","6,739,678.00"
867,2020-07-05,"1,249.00","1,274.00","1,226.00","1,250.00",1.71,"5,101.00","6,368,183.00"
868,2020-07-02,"1,326.00","1,326.00","1,181.00","1,229.00",-5.46,"1,115.00","1,397,995.00"
869,2020-07-01,"1,275.00","1,300.00","1,250.00","1,300.00",4.00,"4,435.00","5,654,550.00"
870,2020-06-30,"1,165.00","1,250.00","1,165.00","1,250.00",9.36,"3,699.00","4,521,142.00"
871,2020-06-29,"1,093.00","1,122.00","1,010.00","1,143.00",-1.35,"2,257.00","2,454,644.00"
872,2020-05-12,"1,115.00","1,115.00","1,115.00","1,115.00",-1.93,10.00,"11,150.00"
873,2020-03-22,"1,203.00","1,203.00","1,137.00","1,137.00",-3.64,"3,336.00","3,826,351.00"
874,2020-03-19,"1,155.00","1,224.00","1,130.00","1,180.00",0.43,"23,180.00","27,218,548.00"
875,2020-03-18,"1,190.00","1,259.00","1,150.00","1,175.00",-2.25,"15,774.00","18,660,112.00"
876,2020-03-17,"1,300.00","1,300.00","1,201.00","1,202.00",-7.54,"16,455.00","20,302,280.00"
877,2020-03-16,"1,280.00","1,310.00","1,263.00","1,300.00",1.48,"14,360.00","18,533,114.00"
878,2020-03-15,"1,372.00","1,396.00","1,281.00","1,281.00",-8.50,"22,310.00","29,678,396.00"
879,2020-03-12,"1,450.00","1,450.00","1,374.00","1,400.00",-2.37,"16,361.00","22,954,512.00"
880,2020-03-11,"1,377.00","1,438.00","1,354.00","1,434.00",6.22,"23,545.00","33,038,908.00"
861,2020-07-13,"1,365.00","1,375.00","1,332.00","1,338.00",-0.89,"6,832.00","9,223,847.00"
862,2020-07-12,"1,347.00","1,360.00","1,323.00","1,350.00",2.12,"10,013.00","13,503,433.00"
863,2020-07-09,"1,310.00","1,330.00","1,284.00","1,322.00",0.92,"3,811.00","4,982,105.00"
864,2020-07-08,"1,325.00","1,351.00","1,310.00","1,310.00",-2.24,"5,810.00","7,673,110.00"
865,2020-07-07,"1,315.00","1,367.00","1,312.00","1,340.00",3.88,"9,619.00","12,884,110.00"
866,2020-07-06,"1,250.00","1,290.00","1,246.00","1,290.00",3.20,"5,285.00","6,739,678.00"
867,2020-07-05,"1,249.00","1,274.00","1,226.00","1,250.00",1.71,"5,101.00","6,368,183.00"
868,2020-07-02,"1,326.00","1,326.00","1,181.00","1,229.00",-5.46,"1,115.00","1,397,995.00"
869,2020-07-01,"1,275.00","1,300.00","1,250.00","1,300.00",4.00,"4,435.00","5,654,550.00"
870,2020-06-30,"1,165.00","1,250.00","1,165.00","1,250.00",9.36,"3,699.00","4,521,142.00"
871,2020-06-29,"1,093.00","1,122.00","1,010.00","1,143.00",-1.35,"2,257.00","2,454,644.00"
872,2020-05-12,"1,115.00","1,115.00","1,115.00","1,115.00",-1.93,10.00,"11,150.00"
873,2020-03-22,"1,203.00","1,203.00","1,137.00","1,137.00",-3.64,"3,336.00","3,826,351.00"
874,2020-03-19,"1,155.00","1,224.00","1,130.00","1,180.00",0.43,"23,180.00","27,218,548.00"
875,2020-03-18,"1,190.00","1,259.00","1,150.00","1,175.00",-2.25,"15,774.00","18,660,112.00"
876,2020-03-17,"1,300.00","1,300.00","1,201.00","1,202.00",-7.54,"16,455.00","20,302,280.00"
877,2020-03-16,"1,280.00","1,310.00","1,263.00","1,300.00",1.48,"14,360.00","18,533,114.00"
878,2020-03-15,"1,372.00","1,396.00","1,281.00","1,281.00",-8.50,"22,310.00","29,678,396.00"
879,2020-03-12,"1,450.00","1,450.00","1,374.00","1,400.00",-2.37,"16,361.00","22,954,512.00"
880,2020-03-11,"1,377.00","1,438.00","1,354.00","1,434.00",6.22,"23,545.00","33,038,908.00"
861,2020-07-13,"1,365.00","1,375.00","1,332.00","1,338.00",-0.89,"6,832.00","9,223,847.00"
862,2020-07-12,"1,347.00","1,360.00","1,323.00","1,350.00",2.12,"10,013.00","13,503,433.00"
863,2020-07-09,"1,310.00","1,330.00","1,284.00","1,322.00",0.92,"3,811.00","4,982,105.00"
864,2020-07-08,"1,325.00","1,351.00","1,310.00","1,310.00",-2.24,"5,810.00","7,673,110.00"
865,2020-07-07,"1,315.00","1,367.00","1,312.00","1,340.00",3.88,"9,619.00","12,884,110.00"
866,2020-07-06,"1,250.00","1,290.00","1,246.00","1,290.00",3.20,"5,285.00","6,739,678.00"
867,2020-07-05,"1,249.00","1,274.00","1,226.00","1,250.00",1.71,"5,101.00","6,368,183.00"
868,2020-07-02,"1,326.00","1,326.00","1,181.00","1,229.00",-5.46,"1,115.00","1,397,995.00"
869,2020-07-01,"1,275.00","1,300.00","1,250.00","1,300.00",4.00,"4,435.00","5,654,550.00"
870,2020-06-30,"1,165.00","1,250.00","1,165.00","1,250.00",9.36,"3,699.00","4,521,142.00"
871,2020-06-29,"1,093.00","1,122.00","1,010.00","1,143.00",-1.35,"2,257.00","2,454,644.00"
872,2020-05-12,"1,115.00","1,115.00","1,115.00","1,115.00",-1.93,10.00,"11,150.00"
873,2020-03-22,"1,203.00","1,203.00","1,137.00","1,137.00",-3.64,"3,336.00","3,826,351.00"
874,2020-03-19,"1,155.00","1,224.00","1,130.00","1,180.00",0.43,"23,180.00","27,218,548.00"
875,2020-03-18,"1,190.00","1,259.00","1,150.00","1,175.00",-2.25,"15,774.00","18,660,112.00"
876,2020-03-17,"1,300.00","1,300.00","1,201.00","1,202.00",-7.54,"16,455.00","20,302,280.00"
877,2020-03-16,"1,280.00","1,310.00","1,263.00","1,300.00",1.48,"14,360.00","18,533,114.00"
878,2020-03-15,"1,372.00","1,396.00","1,281.00","1,281.00",-8.50,"22,310.00","29,678,396.00"
879,2020-03-12,"1,450.00","1,450.00","1,374.00","1,400.00",-2.37,"16,361.00","22,954,512.00"
880,2020-03-11,"1,377.00","1,438.00","1,354.00","1,434.00",6.22,"23,545.00","33,038,908.00"
